YEAR,MONTH,Alabama,Arizona,Arkansas,California,Colorado,Connecticut,Delaware,District.of.Columbia,Florida,Georgia,Idaho,Illinois,Indiana,Iowa,Kansas,Kentucky,Louisiana,Maine,Maryland,Massachusetts,Michigan,Minnesota,Mississippi,Missouri,Montana,Nebraska,Nevada,New.Hampshire,New.Jersey,New.Mexico,New.York,North.Carolina,North.Dakota,Ohio,Oklahoma,Oregon,Pennsylvania,Rhode.Island,South.Carolina,South.Dakota,Tennessee,Texas,Utah,Vermont,Virginia,Washington,West.Virginia,Wisconsin,Wyoming
1951,1,132,251,124,256,117,105,19,23,52,103,27,95,89,18,203,83,18,211,88,408,432,106,9,31,117,8,1,56,502,140,364,277,34,197,82,46,453,176,17,6,89,886,6,250,330,116,152,335,12
1951,2,94,206,217,199,52,66,4,23,79,124,19,69,97,36,221,75,16,159,45,243,298,46,30,36,56,8,9,33,264,105,220,193,21,163,126,32,343,80,15,20,33,1177,10,108,197,52,155,277,12
1951,3,102,352,142,185,71,19,6,16,50,109,24,119,43,42,245,131,16,120,44,195,277,51,35,45,29,11,5,36,269,82,206,225,11,191,116,24,250,65,76,6,86,1583,38,39,279,76,193,190,27
1951,4,148,218,140,189,78,23,8,35,95,204,12,111,51,22,112,66,15,90,28,171,228,15,63,29,44,7,8,24,262,63,167,223,35,179,90,29,247,37,33,9,68,1363,12,33,191,48,178,211,33
1951,5,253,272,248,323,107,34,9,17,119,142,36,91,135,72,100,117,33,100,29,147,261,27,106,32,55,8,4,36,207,129,149,244,43,141,93,37,173,36,13,11,101,1296,26,26,200,115,261,252,251
1951,6,176,149,208,311,102,42,2,17,114,123,21,114,97,73,108,290,18,46,22,93,228,23,85,46,44,7,14,12,191,50,110,187,38,145,146,27,141,1,26,11,112,1974,30,7,286,49,146,220,34
1951,7,62,109,100,256,102,16,10,15,100,88,48,115,54,78,92,98,14,45,22,110,185,8,83,70,28,5,17,7,212,45,122,240,11,176,139,14,207,25,10,6,134,1167,25,12,130,73,125,201,10
1951,8,43,118,85,326,72,31,1,30,86,53,30,158,96,52,79,148,10,46,29,149,221,16,29,94,22,16,0,18,227,51,101,141,6,166,99,23,271,4,14,9,130,810,14,28,108,45,213,256,18
1951,9,51,47,92,250,88,46,1,11,68,43,12,162,88,40,38,78,12,55,20,191,236,11,42,66,13,6,1,16,152,14,123,66,16,182,74,10,297,4,8,5,99,920,10,14,107,35,93,207,10
1951,10,40,53,122,323,34,42,3,17,32,71,31,197,96,18,44,92,19,36,29,267,284,18,17,45,37,2,0,35,234,97,136,64,6,192,44,11,185,36,7,2,89,602,6,24,66,29,75,242,3
1951,11,54,58,66,308,53,74,1,2,71,53,17,114,99,17,54,113,24,18,37,297,282,25,35,80,17,32,0,42,298,86,185,48,6,189,59,14,221,30,9,15,85,725,9,180,78,19,167,278,2
1951,12,123,39,57,269,64,64,1,4,54,79,15,107,108,26,35,75,4,53,26,249,224,11,40,78,19,27,0,38,203,6,166,53,5,206,47,25,242,15,11,3,93,1300,2,95,78,4,169,176,5
1952,1,55,96,109,459,56,110,2,5,56,65,13,97,86,5,40,237,13,30,20,381,259,8,19,43,10,12,0,89,216,32,199,56,0,204,40,27,327,29,9,3,95,1034,36,70,75,7,303,109,7
1952,2,182,87,52,287,25,64,2,3,53,47,5,77,34,22,27,109,14,38,24,269,157,20,30,39,4,3,1,33,137,23,149,46,5,131,32,22,192,64,11,3,102,1274,69,32,87,20,246,195,2
1952,3,82,197,52,378,32,43,1,7,32,69,4,59,21,16,33,641,18,23,6,217,185,10,37,30,13,2,0,36,138,28,134,59,3,136,35,24,154,15,21,0,100,1262,10,19,112,14,188,237,4
1952,4,97,203,54,443,63,25,6,11,19,38,5,49,34,7,42,113,33,31,25,120,115,8,31,27,15,6,0,37,96,29,123,60,1,138,25,63,219,9,6,2,104,1126,2,43,106,25,164,223,1
1952,5,64,136,46,405,72,16,3,10,21,36,26,58,29,19,49,173,13,19,27,97,155,6,43,36,10,27,0,11,154,16,150,64,7,112,58,28,188,0,13,0,96,1595,3,29,127,4,209,142,3
1952,6,51,255,55,351,31,26,5,3,21,30,0,43,30,14,26,134,15,8,27,98,139,16,29,17,6,10,4,4,89,7,96,26,5,108,27,26,121,6,18,0,73,963,4,23,109,12,194,95,0
1952,7,35,304,73,380,50,30,5,5,20,37,4,54,34,7,28,88,38,5,14,107,104,23,13,22,5,24,0,5,105,12,76,22,0,144,46,35,259,16,8,1,54,801,12,25,59,11,125,113,3
1952,8,9,102,27,327,37,14,2,5,17,27,4,76,30,11,37,81,24,6,8,108,142,8,22,30,5,9,0,1,97,5,49,29,0,84,35,22,266,0,8,16,62,575,12,11,88,17,118,111,9
1952,9,23,92,21,410,27,30,1,4,14,16,8,70,43,20,22,38,8,9,15,109,217,7,20,42,6,4,0,11,139,19,92,43,11,119,27,27,349,3,5,16,44,311,9,27,46,11,75,87,0
1952,10,13,105,42,406,21,22,0,10,13,6,1,52,30,10,16,70,11,16,11,128,210,6,18,17,1,5,0,5,182,22,101,13,10,131,18,29,381,12,5,1,14,268,8,37,12,13,91,102,0
1952,11,51,86,19,235,18,60,10,11,8,15,4,38,30,55,13,43,18,41,18,100,120,4,26,39,1,5,0,21,166,12,145,28,1,133,24,36,251,21,6,0,24,254,2,35,29,14,80,77,0
1952,12,31,99,20,330,13,52,2,5,17,12,3,32,32,22,6,72,7,21,32,150,189,12,17,15,0,1,0,33,174,11,248,25,1,113,5,22,238,28,4,19,38,168,0,23,35,16,58,88,2
1953,1,25,49,46,251,0,74,0,3,5,18,6,22,64,17,5,44,9,67,23,136,187,12,11,16,2,5,0,12,190,14,259,6,1,120,28,59,273,11,18,3,45,406,1,68,35,7,86,115,4
1953,2,17,20,48,232,5,36,2,2,20,7,9,23,30,5,10,55,3,49,18,109,112,9,11,8,2,5,0,23,97,32,151,10,0,78,16,60,185,7,7,0,23,327,6,51,41,5,75,105,1
1953,3,21,40,38,226,15,78,2,10,14,8,9,22,27,9,8,72,11,99,20,125,122,9,13,12,0,2,1,15,128,41,171,9,1,80,18,51,246,11,7,0,29,420,1,29,22,25,41,75,5
1953,4,25,30,33,299,13,36,3,29,22,20,17,13,23,11,7,74,9,55,5,103,118,14,10,23,1,6,0,4,134,50,151,16,1,62,13,93,174,33,9,6,33,515,2,10,16,42,67,62,5
1953,5,46,24,70,222,10,22,0,26,36,6,3,12,47,13,14,16,8,53,14,130,131,4,31,31,14,12,0,17,170,68,124,32,0,85,43,103,181,34,18,6,42,910,0,30,30,38,24,77,3
1953,6,21,20,61,159,13,49,4,24,20,20,20,20,67,9,18,48,9,27,43,150,194,10,7,13,34,2,0,10,145,52,260,37,3,94,22,145,147,45,32,1,21,552,42,21,34,45,31,69,11
1953,7,17,11,24,108,41,42,6,11,18,11,7,58,51,17,28,65,15,18,53,126,245,8,23,12,39,3,0,16,174,34,263,43,22,113,27,148,220,32,21,6,35,453,6,23,73,84,43,104,8
1953,8,25,17,95,118,20,51,1,10,11,7,4,79,96,22,27,22,11,13,52,166,378,16,12,32,32,5,0,5,188,29,211,19,6,128,32,113,274,10,25,3,56,312,8,18,58,51,25,95,5
1953,9,43,7,77,122,24,70,8,18,31,3,14,114,81,22,27,92,16,15,76,186,396,30,2,16,20,2,0,5,202,17,272,23,3,214,20,64,233,27,12,2,31,255,12,49,25,75,76,106,4
1953,10,16,11,53,116,15,55,2,14,8,10,2,91,118,45,27,111,8,17,40,174,357,23,14,28,6,1,0,16,143,14,254,26,9,164,14,23,256,23,3,10,13,249,12,52,18,34,57,133,5
1953,11,46,21,22,113,10,60,5,9,7,5,3,68,87,111,9,92,8,7,45,164,319,12,12,13,13,2,0,16,122,7,287,17,3,134,10,40,291,54,116,1,53,168,0,88,27,77,50,119,0
1953,12,24,5,25,177,32,53,2,6,17,7,13,57,103,25,14,96,8,17,108,157,373,37,15,13,6,8,0,50,181,24,412,14,5,148,13,43,306,51,17,6,20,232,1,125,14,124,84,205,2
1954,1,47,64,55,160,9,98,2,12,23,11,6,105,187,23,28,235,10,16,90,166,452,27,11,26,5,9,2,67,171,16,504,54,3,55,15,85,337,68,9,6,15,421,9,115,89,82,106,247,0
1954,2,32,68,101,212,16,120,1,10,36,20,6,112,132,28,46,118,11,24,76,238,395,37,34,19,6,1,0,38,145,13,438,63,3,162,15,100,294,60,32,14,28,399,2,97,76,170,94,165,0
1954,3,41,127,131,248,23,148,0,17,14,13,11,122,68,9,43,275,6,19,82,338,387,64,26,17,12,2,2,22,163,27,581,55,30,214,23,99,321,27,13,1,40,494,18,150,105,209,82,136,0
1954,4,45,44,116,232,19,154,5,11,33,21,14,139,116,10,29,167,12,28,37,207,391,33,31,29,7,1,1,9,126,27,398,71,22,178,18,72,247,24,13,2,54,768,58,60,79,160,49,105,3
1954,5,74,67,77,381,34,149,3,8,21,47,9,139,161,28,30,103,9,23,69,194,291,83,25,31,18,2,3,12,140,34,343,42,21,197,20,75,356,69,41,0,120,888,73,25,119,131,69,73,1
1954,6,64,53,110,626,25,210,5,8,38,28,9,79,90,26,37,172,14,9,63,141,266,58,35,32,22,3,13,18,176,32,382,60,10,189,6,48,165,47,19,0,108,483,136,19,127,99,76,61,0
1954,7,66,50,75,476,27,106,9,7,46,66,14,170,98,49,57,206,10,11,103,161,539,105,29,53,23,3,5,7,150,28,352,103,40,161,28,53,287,64,26,13,120,724,127,7,151,48,84,156,5
1954,8,60,38,30,522,25,138,1,22,25,41,44,244,87,29,67,93,16,8,94,159,643,87,22,44,15,8,0,8,157,21,454,103,42,253,20,47,266,36,39,13,104,410,35,8,170,43,143,159,1
1954,9,18,80,68,677,46,148,0,12,27,18,15,243,117,36,28,176,18,25,78,184,656,116,14,47,17,4,3,2,169,8,361,69,50,241,14,54,260,154,46,30,82,249,21,1,127,94,211,160,2
1954,10,144,38,50,429,23,180,1,6,43,15,18,206,150,47,19,187,24,30,62,213,507,103,10,54,3,2,0,25,152,19,385,66,18,267,12,57,374,101,61,12,155,297,12,17,116,106,281,289,5
1954,11,120,74,25,438,23,369,4,13,11,20,20,165,115,35,18,220,19,66,88,344,576,200,36,55,10,12,0,42,250,21,376,64,29,194,29,45,453,249,57,5,131,313,26,38,95,98,190,302,3
1954,12,78,135,32,587,12,246,3,22,22,58,23,150,149,51,25,130,9,88,90,317,517,189,10,51,7,2,0,83,198,33,310,37,46,147,19,66,392,339,23,23,114,378,36,35,156,179,190,318,1
1955,1,114,120,109,488,16,179,2,17,45,14,15,197,195,102,63,85,19,92,43,308,456,136,14,40,14,5,0,76,174,27,191,37,46,99,25,44,409,173,30,11,134,772,31,8,160,137,202,341,14
1955,2,96,119,48,486,19,99,1,9,43,15,31,127,135,119,52,181,14,79,34,214,311,80,14,53,36,1,3,33,100,67,143,54,38,119,18,48,214,80,23,2,54,628,41,49,136,143,235,199,1
1955,3,128,197,88,678,23,82,3,7,57,8,12,113,162,86,53,206,24,80,33,200,303,57,16,61,19,12,0,63,73,69,150,98,33,128,43,49,191,73,25,12,69,579,57,18,82,124,239,146,16
1955,4,165,261,56,594,33,50,3,7,109,404,15,132,206,160,90,150,8,76,26,139,295,57,24,53,56,4,0,2,106,84,92,121,64,91,165,52,199,59,17,6,143,1002,86,13,147,113,178,223,6
1955,5,375,231,238,515,74,110,9,21,151,67,23,143,140,94,64,171,12,55,50,127,418,53,10,50,74,2,0,7,98,135,84,202,15,196,115,42,202,48,20,0,151,1248,153,51,155,105,213,252,5
1955,6,241,259,336,508,72,42,4,10,155,127,12,98,189,69,46,276,13,22,35,116,270,30,21,28,61,1,0,28,52,134,102,194,26,185,116,64,140,42,32,8,222,1405,60,4,181,103,256,148,12
1955,7,221,114,187,369,89,37,5,7,225,229,21,175,251,59,26,219,28,85,18,70,292,41,22,55,39,9,8,7,60,98,84,156,49,269,142,55,176,8,58,4,213,1690,75,67,220,73,213,157,14
1955,8,151,67,158,424,57,52,5,8,68,30,18,191,148,46,52,299,16,25,48,84,443,21,2,23,22,7,1,18,92,49,106,115,86,218,49,29,141,8,27,3,126,911,62,2,109,42,109,126,17
1955,9,91,73,143,269,73,45,7,5,109,59,12,199,162,38,44,198,6,53,21,55,476,27,27,31,3,14,0,2,105,41,90,61,35,189,55,34,176,7,25,4,68,612,23,1,73,44,101,167,28
1955,10,79,52,94,265,46,35,11,8,40,31,8,184,135,62,31,212,9,41,14,77,378,28,32,33,4,4,3,9,84,25,86,110,18,143,40,20,125,19,30,2,78,513,22,4,50,37,93,148,5
1955,11,79,68,148,221,62,53,12,2,20,13,1,130,153,41,32,193,2,19,39,54,332,36,43,27,6,2,0,17,158,17,123,166,7,126,41,28,225,13,19,0,61,526,71,6,59,44,106,153,0
1955,12,70,114,75,133,35,56,9,5,58,28,1,112,90,35,26,136,14,13,37,77,275,28,40,50,9,23,0,18,112,20,106,52,7,122,60,39,125,4,38,3,63,435,18,7,109,40,25,87,10
1956,1,63,83,75,156,40,13,6,0,31,25,6,72,61,57,23,180,4,49,18,66,242,27,13,18,1,24,0,6,86,42,96,58,3,39,41,28,141,0,49,6,50,477,23,16,45,52,39,112,2
1956,2,44,97,110,211,41,26,3,2,38,54,0,46,61,33,15,195,10,30,20,72,271,13,21,32,5,19,4,7,82,43,90,70,4,74,30,38,87,0,24,2,130,470,20,16,27,101,32,78,15
1956,3,54,115,159,148,70,22,3,4,46,53,4,45,38,58,14,47,2,54,13,51,146,13,22,28,3,7,5,0,61,39,72,51,8,37,43,20,131,0,41,0,185,834,62,2,31,33,22,87,24
1956,4,69,121,178,146,77,15,3,1,94,70,8,61,47,37,22,57,24,35,13,72,146,5,30,17,5,3,5,26,62,35,65,49,4,49,37,31,113,0,68,0,183,713,32,10,51,22,63,76,11
1956,5,224,102,315,298,113,23,6,2,71,110,26,40,38,47,11,158,2,33,10,73,149,13,27,14,5,12,0,10,52,72,97,56,5,50,49,38,104,1,74,0,107,859,32,17,38,37,42,59,8
1956,6,218,70,194,196,79,19,2,1,121,154,35,25,18,59,13,90,5,21,7,44,76,3,44,17,7,0,0,2,46,58,93,80,3,30,114,26,66,11,44,0,221,789,21,12,40,2,16,56,11
1956,7,48,44,175,182,101,28,4,2,48,71,12,20,8,26,15,163,7,12,11,46,140,6,33,16,7,0,1,4,57,40,111,56,2,36,37,19,42,2,34,0,126,397,20,26,29,12,10,54,1
1956,8,54,25,106,164,83,37,13,1,43,30,4,53,16,51,17,147,2,9,15,69,196,10,14,11,21,0,0,12,59,6,131,46,10,30,30,13,38,4,32,0,31,348,5,46,22,27,8,84,5
1956,9,33,31,28,215,51,28,11,1,6,20,18,47,36,35,8,52,2,9,12,57,162,8,22,23,15,2,0,29,96,13,92,14,9,41,13,12,74,8,19,4,79,332,1,27,37,9,32,108,9
1956,10,24,36,44,178,28,54,10,10,6,17,17,71,17,55,7,132,0,20,2,60,124,5,2,1,10,0,0,1,66,9,59,16,16,34,7,11,56,9,17,0,38,95,13,49,64,10,10,65,2
1956,11,59,29,21,100,8,26,7,0,21,13,4,42,23,51,18,120,4,15,16,85,153,20,10,2,111,1,0,20,35,34,118,15,5,49,73,11,70,8,41,0,15,161,9,62,25,19,19,101,5
1956,12,17,27,31,92,19,40,4,1,22,27,0,47,35,13,14,70,3,16,42,76,102,0,8,4,86,1,0,10,58,27,111,28,25,52,6,15,150,13,28,18,45,234,4,81,112,17,4,102,9
1957,1,39,50,33,145,33,57,1,2,22,30,0,26,48,45,13,87,0,34,22,137,174,2,7,2,234,0,2,13,90,31,175,10,3,58,28,3,185,13,39,6,23,503,4,113,42,17,20,86,2
1957,2,22,45,0,101,17,53,0,0,23,23,2,20,46,8,7,48,4,21,19,95,121,5,5,9,177,0,3,17,39,24,146,18,4,39,21,3,160,21,25,5,47,614,3,49,48,7,20,93,2
1957,3,25,49,7,94,11,37,6,0,19,40,4,29,25,10,6,90,1,15,19,58,107,2,6,11,194,4,6,35,65,14,156,13,4,42,41,3,210,3,55,0,48,823,12,31,103,7,31,51,1
1957,4,28,72,0,95,3,45,6,0,17,33,1,37,41,8,2,8,0,26,21,77,86,7,5,8,23,4,0,16,60,34,111,17,11,52,31,11,109,3,37,0,24,499,9,33,30,15,15,55,1
1957,5,35,67,2,227,10,37,1,1,23,30,4,51,91,30,2,98,2,11,39,81,145,1,11,14,162,0,0,55,70,56,145,4,15,58,23,16,176,4,67,2,50,501,6,19,30,24,36,44,9
1957,6,40,43,6,228,25,54,1,1,36,20,11,56,99,19,5,63,0,3,34,36,120,1,11,17,62,28,0,4,76,34,104,22,13,37,33,13,166,7,119,1,57,513,1,6,49,20,28,22,0
1957,7,37,151,13,399,35,28,1,9,29,16,6,83,112,11,12,153,1,7,59,57,97,5,10,7,50,18,0,6,62,47,132,15,8,78,51,13,177,5,104,0,27,464,10,8,47,23,32,67,2
1957,8,43,41,9,430,48,34,4,57,21,20,3,158,46,14,7,90,1,6,70,88,166,7,7,19,75,0,0,6,56,47,140,29,3,75,16,23,295,2,90,3,42,420,15,7,38,34,22,72,3
1957,9,35,30,0,355,33,37,8,25,9,21,8,172,79,21,6,50,1,10,35,81,194,8,4,21,67,12,7,9,61,53,185,10,6,81,14,6,186,7,26,5,31,250,17,4,15,42,25,61,2
1957,10,18,82,1,341,42,18,11,6,7,0,0,90,47,13,6,115,0,12,23,39,59,4,3,12,11,2,9,12,49,29,94,12,1,72,7,16,140,8,46,0,23,129,3,28,29,44,21,54,1
1957,11,19,52,2,159,8,24,2,3,11,4,5,69,35,8,1,49,0,2,6,21,36,11,6,8,12,3,0,25,14,30,100,4,2,42,10,5,70,5,43,2,182,141,3,23,22,28,10,42,5
1957,12,20,31,13,219,17,17,0,1,4,3,2,89,30,11,1,39,0,13,27,40,58,14,9,7,6,1,3,64,17,30,82,7,0,65,3,7,92,3,9,2,32,158,0,3,18,25,14,33,0
1958,1,7,92,15,254,20,47,3,2,9,4,3,81,27,5,16,109,0,31,10,43,74,7,0,10,11,0,2,63,20,32,73,9,2,43,1,26,104,12,34,0,34,163,0,58,23,29,19,63,0
1958,2,21,78,4,273,7,13,1,0,30,5,1,65,36,3,10,93,1,22,7,38,58,5,2,12,24,2,6,33,11,45,66,7,6,43,2,19,80,4,29,0,71,137,1,8,22,68,21,58,0
1958,3,20,104,42,267,23,22,0,1,20,5,3,52,42,8,12,111,1,35,2,48,66,16,5,3,4,0,3,46,11,87,78,8,5,48,16,30,106,2,36,0,82,366,4,27,23,41,21,47,0
1958,4,41,157,19,401,22,31,0,1,41,25,2,67,62,5,8,157,0,59,10,90,75,6,2,9,3,0,4,49,18,43,94,17,9,78,11,44,111,2,37,1,58,306,15,20,14,193,64,55,0
1958,5,41,173,6,340,15,34,1,0,91,16,1,51,164,4,7,159,0,61,11,94,76,35,2,8,29,0,3,18,18,56,102,24,8,90,29,47,121,1,102,5,99,509,14,24,41,163,42,51,0
1958,6,55,161,2,389,11,37,1,1,21,18,4,32,139,7,17,280,1,39,1,83,101,23,10,6,13,7,3,2,12,52,65,30,2,139,31,60,68,4,58,1,107,643,9,19,32,111,24,44,2
1958,7,11,102,11,441,20,17,1,0,55,7,20,88,148,9,18,292,3,21,13,103,65,20,39,13,5,18,4,13,15,52,56,63,1,120,37,102,68,9,11,0,131,610,7,11,58,108,50,154,0
1958,8,13,36,2,402,23,28,0,0,47,7,8,86,109,12,13,184,3,39,6,152,86,19,28,6,9,0,0,7,11,21,52,34,10,157,11,59,76,14,24,4,121,489,11,2,93,44,26,206,2
1958,9,8,64,40,319,26,29,2,3,31,18,9,142,155,13,15,261,2,33,7,164,174,38,62,61,58,0,1,2,32,25,70,38,15,158,6,45,109,15,5,1,59,239,12,4,67,55,59,162,0
1958,10,7,60,3,349,22,73,0,5,53,11,4,94,147,2,25,279,1,11,8,121,185,36,22,20,9,2,4,0,23,16,65,50,8,185,1,37,117,10,39,1,93,142,10,24,56,62,25,137,1
1958,11,2,61,8,199,5,85,0,0,40,13,1,89,91,13,21,202,2,41,4,141,149,45,18,85,3,1,0,2,21,54,116,65,0,100,3,21,249,42,64,0,272,204,8,26,88,83,68,171,0
1958,12,5,57,4,203,3,85,5,5,26,6,1,100,61,13,23,301,5,111,6,193,124,63,25,66,1,0,0,4,47,12,167,56,6,222,4,48,213,70,10,0,220,212,14,10,96,61,45,192,0
1959,1,9,47,30,188,15,87,0,4,29,0,0,111,186,11,0,356,6,97,4,163,140,60,41,51,7,0,3,4,53,37,108,55,4,196,6,69,173,100,15,2,274,404,4,29,136,58,53,150,0
1959,2,28,47,7,160,12,70,10,1,67,15,13,119,137,17,0,379,7,43,10,126,163,42,24,17,7,0,1,9,35,9,146,39,12,174,2,84,148,122,65,3,253,344,13,11,160,63,75,154,0
1959,3,27,96,11,216,14,59,2,1,82,11,1,151,108,15,0,231,2,32,6,89,124,27,54,27,14,2,0,1,54,23,100,26,23,131,3,75,165,89,28,0,249,454,19,18,84,81,109,168,0
1959,4,33,110,22,265,10,59,1,1,80,2,19,86,76,48,0,177,3,15,25,89,143,27,81,36,55,3,92,14,49,20,54,60,22,117,22,107,172,101,14,2,233,587,19,29,49,105,125,152,0
1959,5,46,55,15,190,32,53,0,1,121,5,37,134,91,23,0,190,2,43,16,84,126,27,89,42,18,2,8,3,47,22,72,120,25,84,13,56,160,127,17,8,350,969,14,16,195,80,120,64,0
1959,6,82,52,24,199,56,33,0,2,49,8,102,103,44,18,0,189,6,24,31,63,220,15,37,71,25,0,0,0,34,30,81,69,54,69,25,118,129,69,14,9,297,843,27,7,137,24,100,119,2
1959,7,52,58,20,268,41,23,5,6,166,11,68,139,65,62,0,203,10,27,27,62,227,12,24,49,23,1,1,0,41,19,56,56,55,62,17,87,133,41,11,0,350,743,33,7,81,28,208,122,2
1959,8,23,72,5,214,59,29,3,7,134,14,20,250,56,45,0,90,12,13,27,43,349,8,19,52,20,1,0,0,65,24,74,46,28,68,11,48,129,42,13,13,420,549,22,8,108,38,98,139,1
1959,9,24,64,5,283,32,69,4,10,56,17,47,272,83,22,0,164,1,43,45,46,487,10,16,27,37,1,0,6,69,8,91,25,25,73,6,37,124,85,4,2,193,279,20,7,62,32,107,142,3
1959,10,23,35,18,170,45,56,5,7,44,2,20,156,40,41,0,23,3,41,20,44,342,24,26,12,12,0,0,3,66,13,80,31,6,66,16,26,118,53,1,4,237,266,7,2,29,15,65,91,2
1959,11,35,45,80,155,64,40,5,3,30,1,11,121,29,43,0,31,2,28,18,49,422,12,3,23,14,1,1,4,30,15,102,14,8,52,10,12,72,54,6,0,148,165,14,9,39,12,50,73,36
1959,12,30,21,13,154,29,43,1,3,33,4,17,72,95,23,0,35,1,46,9,35,258,8,5,30,5,0,0,3,39,5,71,36,5,48,8,44,70,29,3,3,98,239,20,1,34,35,35,53,8
1960,1,11,37,3,133,29,34,1,8,18,0,6,58,39,10,10,44,2,54,6,26,260,5,9,16,6,3,4,8,25,18,45,10,5,22,11,45,42,12,6,14,337,354,12,1,40,35,51,40,9
1960,2,5,40,7,101,13,27,1,5,38,2,20,43,39,4,2,29,4,18,8,24,143,2,7,2,15,0,0,6,22,4,28,3,5,21,2,35,17,7,12,18,150,393,30,6,32,45,10,28,7
1960,3,3,51,2,122,34,28,1,9,38,0,10,41,28,10,7,15,0,23,8,19,122,9,3,15,18,1,1,3,29,0,31,5,13,6,24,37,23,5,3,2,114,290,12,8,21,27,6,27,0
1960,4,8,55,15,127,51,19,4,6,86,7,15,14,38,10,5,52,2,14,8,35,114,2,5,22,39,0,0,2,13,7,33,8,17,8,6,31,38,0,14,5,138,421,34,7,14,14,14,18,0
1960,5,6,50,10,152,64,10,0,5,42,2,14,19,37,4,5,101,0,12,9,14,60,1,2,2,21,0,0,1,21,5,29,5,2,14,23,40,35,1,1,1,103,171,33,0,14,11,26,21,0
1960,6,5,37,5,159,89,8,3,4,36,0,4,27,21,15,0,23,1,15,10,24,45,1,11,3,27,0,0,1,13,0,8,29,1,7,27,91,19,6,3,3,85,200,30,11,72,19,4,15,0
1960,7,21,44,0,151,67,7,4,3,39,2,13,55,36,3,4,11,0,4,9,9,52,0,3,1,44,59,1,6,11,3,11,11,5,7,2,92,16,8,0,1,62,204,43,0,25,8,14,15,0
1960,8,4,31,5,292,49,26,4,7,18,1,9,40,11,5,4,19,1,0,15,12,101,1,1,2,28,0,0,20,18,0,37,14,0,3,2,44,20,1,4,8,27,149,18,2,60,5,11,14,0
1960,9,23,21,0,209,20,11,4,1,49,4,5,40,6,6,7,14,0,6,24,19,66,0,1,2,18,0,0,37,24,11,29,7,0,15,0,36,38,0,80,6,33,95,12,0,16,21,11,14,4
1960,10,11,12,1,188,5,25,0,0,19,3,4,50,11,22,2,0,0,0,12,9,55,0,2,2,35,2,0,4,21,1,25,4,0,10,1,34,33,0,2,8,14,91,4,1,16,13,2,6,4
1960,11,3,6,1,192,18,16,0,2,29,0,5,27,11,8,13,24,0,25,8,12,50,0,0,1,19,1,0,10,14,0,14,6,2,4,1,33,20,1,1,0,14,78,8,9,18,30,9,9,1
1960,12,4,14,5,131,9,20,2,2,11,0,2,28,13,18,2,4,4,2,3,23,61,1,0,3,31,0,0,5,15,1,28,9,6,10,4,16,36,2,2,0,34,88,13,0,16,23,6,20,2
1961,1,2,58,2,139,5,20,0,0,17,0,0,26,12,11,0,14,0,19,8,13,56,2,0,1,19,0,0,4,12,6,43,5,1,3,0,25,47,4,4,0,29,109,38,2,7,5,4,21,2
1961,2,4,108,0,134,33,25,0,2,31,0,5,15,9,8,0,2,0,9,15,7,27,2,6,1,6,0,0,4,14,3,18,7,0,2,6,26,35,21,2,3,70,133,1,6,4,32,6,11,1
1961,3,12,72,3,156,19,28,0,1,11,1,2,34,16,9,0,4,0,4,6,21,44,1,5,0,11,1,0,5,25,1,53,4,0,3,0,39,41,4,7,4,19,184,1,1,6,29,13,10,4
1961,4,10,48,0,125,11,30,0,1,19,0,3,10,3,5,0,0,0,35,2,15,47,0,6,3,9,0,8,0,15,0,58,8,3,3,0,60,26,6,4,0,32,144,2,1,7,23,0,8,8
1961,5,9,45,1,250,24,10,1,0,11,1,0,34,2,12,0,2,1,4,10,9,31,3,3,1,19,0,4,1,15,0,73,16,8,7,0,45,36,6,0,0,19,120,7,2,3,45,11,13,0
1961,6,9,30,10,170,10,15,0,1,15,1,5,49,2,9,0,6,0,7,12,16,15,4,4,0,2,8,0,4,31,0,48,17,0,3,5,50,48,0,0,0,35,135,5,8,10,13,21,5,0
1961,7,3,29,5,152,27,22,0,0,32,1,12,36,12,7,0,0,0,8,16,23,31,0,5,1,2,0,0,4,36,3,44,14,0,16,4,26,26,1,2,0,22,142,1,5,3,12,13,24,0
1961,8,3,19,3,256,7,13,2,0,25,0,1,117,9,1,0,2,1,20,13,32,44,4,6,1,1,0,0,6,46,3,100,20,0,14,0,38,69,2,4,0,15,112,5,11,3,19,23,41,0
1961,9,10,23,1,154,2,23,0,6,23,7,6,86,8,4,0,15,1,16,10,30,58,1,1,2,1,0,0,0,45,0,107,4,0,32,1,32,68,13,2,0,13,61,10,1,18,17,54,45,0
1961,10,0,22,4,182,3,40,4,0,7,1,5,95,7,14,0,1,0,30,7,24,91,2,1,0,0,0,0,1,68,0,96,6,0,17,0,7,100,6,1,0,25,44,8,4,9,22,32,26,0
1961,11,0,8,3,154,3,43,3,1,14,0,2,110,3,8,0,33,0,32,12,20,90,6,0,0,7,0,0,0,15,1,99,12,0,6,0,14,123,8,1,2,34,53,2,21,7,38,53,34,0
1961,12,2,25,1,54,2,28,3,2,7,0,0,65,17,16,0,25,0,36,8,41,105,3,3,2,15,0,0,1,15,0,65,5,0,18,0,7,90,2,2,6,49,128,1,9,9,89,41,63,5
1962,1,3,27,9,115,4,27,2,0,16,0,2,49,3,14,0,37,0,41,14,49,91,2,2,1,5,0,0,0,14,45,60,10,0,27,0,11,83,14,4,0,22,86,2,12,7,62,43,93,0
1962,2,5,30,3,127,5,21,2,0,20,2,1,77,7,4,0,84,2,17,11,14,71,0,3,3,5,0,4,2,30,0,48,8,0,20,0,29,66,8,9,0,117,132,19,19,21,53,22,61,2
1962,3,7,44,11,143,2,29,2,1,20,0,0,72,12,18,0,59,1,30,5,28,71,13,1,4,33,1,0,5,16,0,40,6,14,17,2,9,72,5,27,0,93,227,5,24,13,64,14,90,33
1962,4,9,88,5,104,4,22,4,1,30,1,4,100,26,2,0,24,0,13,7,18,83,17,2,1,2,0,0,6,14,0,39,16,1,15,1,30,53,15,23,1,57,107,6,8,5,67,15,99,0
1962,5,3,104,18,193,12,16,5,0,35,2,0,88,25,7,0,59,0,25,12,17,125,22,4,1,2,0,2,26,11,0,53,11,6,25,3,35,82,23,18,0,89,154,10,31,10,79,46,65,0
1962,6,10,47,17,190,11,11,6,1,41,0,4,53,47,5,0,55,0,10,1,10,133,12,3,2,0,0,9,4,12,5,25,22,0,21,1,30,32,19,9,2,57,286,11,12,34,21,324,44,3
1962,7,11,39,4,171,5,24,9,1,29,3,9,82,33,6,0,109,1,16,10,20,190,4,14,2,11,0,2,2,16,2,27,21,6,32,5,56,30,11,2,1,84,222,4,38,65,17,57,126,0
1962,8,11,42,3,240,14,9,9,0,67,0,11,129,51,3,0,108,0,11,14,37,262,16,29,13,3,0,0,2,28,0,54,19,0,48,0,34,70,22,5,3,54,166,3,18,15,60,90,145,0
1962,9,33,19,3,220,10,19,18,4,36,0,18,119,101,8,0,87,1,25,19,37,241,20,17,15,3,0,0,0,14,2,42,9,2,35,6,52,60,20,2,4,62,163,30,25,33,74,27,84,0
1962,10,12,12,2,181,9,6,24,7,17,0,5,104,36,0,0,55,3,9,6,37,191,11,8,8,3,0,0,5,17,0,35,12,0,18,2,45,71,20,2,3,32,79,27,23,25,62,74,83,0
1962,11,10,12,4,89,12,10,6,3,35,0,0,86,72,7,0,27,1,23,10,17,148,19,52,6,3,1,0,20,13,0,47,12,13,27,2,45,66,12,0,0,44,91,3,32,15,52,37,97,0
1962,12,5,15,4,76,12,6,11,1,35,0,2,62,68,13,0,32,1,43,12,45,150,28,27,11,0,1,0,26,15,7,25,2,3,22,2,46,61,18,1,0,65,132,1,22,26,52,37,43,0
1963,1,6,17,7,107,19,8,3,0,15,0,9,51,49,4,0,90,3,67,3,31,123,11,7,11,20,0,1,13,0,4,20,8,9,41,2,56,70,49,0,0,76,214,4,41,23,56,102,44,2
1963,2,12,21,3,95,6,8,19,0,32,0,6,73,63,29,0,65,5,29,1,32,108,10,8,28,33,0,0,28,0,12,19,7,8,32,5,43,65,19,0,0,89,206,1,15,21,81,52,36,1
1963,3,14,25,1,143,19,19,10,1,34,0,7,34,37,6,0,53,5,28,1,35,78,6,7,22,74,0,0,8,0,26,21,4,14,17,3,51,40,7,0,2,88,217,5,17,15,87,19,24,0
1963,4,4,74,6,160,74,18,7,0,76,0,7,40,13,4,0,15,9,9,10,32,97,6,10,3,14,0,0,4,0,10,15,14,3,29,9,30,47,14,1,0,40,199,8,1,12,73,8,22,3
1963,5,3,42,13,198,219,30,5,0,85,3,16,24,29,6,0,72,6,10,11,22,88,1,19,0,6,0,0,2,0,26,14,14,9,30,6,54,22,13,3,1,47,250,8,27,8,67,71,24,23
1963,6,8,20,72,133,49,11,1,2,66,2,7,29,29,6,0,36,1,5,2,26,73,2,15,8,50,5,0,1,0,17,4,19,58,20,3,34,19,21,4,0,46,255,6,1,19,33,124,25,0
1963,7,23,15,119,142,67,15,1,2,70,7,16,55,102,6,0,51,3,3,2,18,171,9,11,13,19,0,0,0,0,18,16,22,40,49,7,16,20,10,7,0,68,232,32,14,15,20,137,43,0
1963,8,20,38,10,170,80,9,1,3,75,4,2,110,62,30,0,18,6,1,23,31,139,3,10,16,21,0,0,0,0,2,42,12,19,41,7,44,24,3,11,0,88,257,9,0,21,18,37,40,6
1963,9,14,16,9,149,53,15,2,1,59,0,7,116,43,35,0,41,5,3,16,46,160,3,3,15,16,2,0,4,0,0,41,13,85,44,6,43,29,29,14,5,68,229,27,10,9,15,55,52,7
1963,10,13,10,6,197,32,6,12,0,29,1,5,84,21,12,0,30,2,4,11,12,180,5,0,31,35,10,0,1,0,1,27,12,17,32,0,55,21,20,11,0,78,103,23,0,15,31,141,37,8
1963,11,15,14,2,88,11,15,4,1,31,1,4,89,27,8,0,39,3,6,8,32,87,0,11,29,9,7,0,1,0,0,17,9,41,9,5,42,49,16,10,0,114,131,6,1,21,14,172,63,7
1963,12,10,12,31,52,13,22,8,0,23,0,3,43,6,3,0,9,0,10,15,31,106,1,1,8,9,0,0,9,0,4,29,5,14,16,1,41,33,2,3,1,63,105,11,0,33,22,46,41,0
1964,1,6,38,4,76,41,11,6,0,27,3,9,48,15,3,0,64,3,16,6,18,84,0,5,2,11,1,0,4,5,0,24,9,34,15,4,11,47,11,2,0,65,103,19,4,29,32,28,61,0
1964,2,4,34,1,74,9,7,16,13,17,1,1,52,16,11,0,67,1,15,4,40,68,3,9,5,7,0,0,1,5,0,37,12,12,26,2,8,28,2,4,0,47,136,18,9,37,37,23,41,0
1964,3,15,33,0,64,29,35,7,0,46,0,6,38,26,0,0,111,0,6,4,36,78,3,13,2,16,0,0,9,10,5,40,14,8,21,2,14,40,2,4,0,47,169,16,24,27,25,13,41,0
1964,4,11,37,17,62,19,40,1,0,31,2,2,59,53,5,0,123,5,16,3,48,117,0,11,0,41,0,0,13,16,2,27,17,3,17,3,37,49,5,8,0,59,139,22,5,24,60,45,46,0
1964,5,62,22,9,71,55,57,11,0,81,0,3,47,41,77,0,57,0,19,9,47,76,0,19,8,24,0,0,7,9,6,42,6,6,40,2,19,23,2,5,0,73,162,26,13,46,50,30,35,1
1964,6,68,28,3,48,33,36,3,0,61,2,6,51,52,0,0,69,4,8,23,39,43,1,26,9,11,9,0,1,18,1,40,17,3,36,7,13,27,7,6,0,46,120,11,1,31,20,19,32,0
1964,7,23,20,22,83,36,12,7,3,56,3,25,84,79,12,0,123,1,6,25,20,60,4,28,1,2,0,0,0,11,0,18,12,0,73,4,44,53,1,12,0,72,116,11,0,30,20,30,46,0
1964,8,19,17,6,131,16,8,10,2,63,1,4,148,29,12,0,31,1,21,9,35,69,0,1,0,5,0,0,2,12,7,24,18,1,67,3,33,10,3,19,2,57,67,2,4,36,11,28,76,0
1964,9,18,24,3,89,18,16,3,0,19,4,18,76,40,15,0,32,2,9,12,28,93,0,1,4,9,10,0,0,11,12,36,6,6,39,3,11,31,8,14,1,58,45,4,1,8,1,92,78,1
1964,10,20,5,2,78,19,16,6,1,41,1,8,88,50,10,0,32,0,10,5,15,108,0,6,12,0,0,0,1,11,5,25,8,3,33,1,3,31,0,19,0,28,54,15,2,2,2,19,40,0
1964,11,27,15,12,65,7,6,3,0,11,0,0,47,22,4,0,134,1,9,1,11,71,0,5,0,1,0,0,0,15,10,15,8,2,17,2,33,34,3,26,0,14,69,6,0,14,10,10,30,0
1964,12,40,11,11,69,9,4,1,0,25,2,0,36,37,4,0,29,0,3,3,12,90,0,0,2,1,0,0,0,5,1,7,7,0,15,1,50,20,4,48,0,12,62,5,3,14,7,2,74,0
1965,1,5,17,1,65,10,2,1,0,22,0,1,43,28,13,0,5,0,13,1,17,52,0,1,0,2,0,0,0,8,0,6,4,9,11,7,12,26,4,29,2,37,84,11,11,17,19,21,56,0
1965,2,2,7,3,59,1,2,0,0,16,0,10,26,32,7,0,3,0,14,5,12,87,2,6,2,0,0,0,3,7,1,14,8,1,8,19,17,38,7,5,0,17,48,5,1,12,3,47,19,1
1965,3,3,30,4,86,4,7,0,0,8,9,4,42,7,1,0,24,2,7,1,6,51,3,0,5,0,0,0,0,7,1,13,5,0,18,1,23,28,5,5,0,24,60,0,12,13,23,7,56,0
1965,4,3,20,1,57,8,4,0,0,19,2,4,19,13,2,0,9,0,1,1,2,31,4,4,0,1,0,0,0,3,0,14,8,0,3,5,28,8,1,0,0,23,65,2,5,15,11,3,18,1
1965,5,5,32,4,54,16,7,0,1,25,6,10,60,6,8,0,4,0,0,6,4,53,6,0,5,5,0,0,0,5,0,11,9,0,23,2,14,20,2,0,0,16,101,0,16,14,13,0,32,3
1965,6,13,27,5,75,16,8,0,0,16,3,3,36,13,4,0,2,0,4,2,5,70,3,0,0,0,0,0,0,22,3,11,7,1,3,4,24,8,4,1,0,19,55,4,12,8,2,14,25,0
1965,7,10,32,6,65,12,11,0,0,19,1,1,26,10,2,0,3,0,4,1,0,16,3,2,6,2,3,1,0,6,1,5,12,0,9,16,63,9,7,0,1,32,76,17,2,26,0,5,16,0
1965,8,2,15,0,105,12,5,2,2,17,0,4,70,11,1,0,6,0,9,2,5,93,0,1,7,2,0,0,0,11,0,11,14,0,17,0,28,8,13,0,0,29,49,1,9,14,1,37,30,0
1965,9,9,10,0,139,11,9,6,0,11,0,1,46,17,5,0,2,0,1,3,11,49,13,1,14,16,1,0,1,18,0,6,6,4,17,0,14,25,48,0,0,20,29,8,1,5,7,33,40,6
1965,10,2,8,0,65,3,2,1,0,7,1,2,44,4,0,0,1,1,6,5,8,43,3,0,22,2,3,1,0,4,0,14,1,1,14,2,8,16,44,1,0,30,42,0,4,12,11,11,24,0
1965,11,3,13,1,35,1,3,0,0,12,0,2,40,9,1,0,4,1,19,3,6,32,1,23,4,0,0,0,0,5,0,36,2,3,8,0,13,13,84,0,0,23,30,3,0,16,10,2,22,1
1965,12,0,12,0,44,4,6,0,0,3,0,0,45,0,0,0,5,0,7,5,1,35,0,2,3,0,0,0,0,10,0,14,1,0,17,0,24,6,23,0,0,16,50,0,10,13,15,0,14,0
1966,1,11,8,0,39,16,5,0,0,3,1,0,18,0,1,0,39,1,4,0,7,52,3,0,2,0,0,0,5,0,0,18,0,3,10,0,27,11,27,2,0,20,87,1,1,3,11,13,21,3
1966,2,0,41,2,55,11,4,2,0,8,0,0,25,7,8,0,13,1,1,0,4,34,1,0,3,0,0,0,4,3,3,14,5,2,13,0,25,15,10,0,1,6,68,7,0,13,11,16,13,2
1966,3,1,34,0,38,11,5,0,0,5,2,4,29,19,5,0,19,0,5,11,6,21,3,0,2,0,0,0,0,0,0,5,8,0,14,5,9,18,1,0,0,28,72,0,1,14,25,11,21,0
1966,4,1,16,1,49,8,4,9,1,65,0,0,38,9,21,0,21,2,10,4,5,22,2,0,1,0,0,0,1,0,2,16,3,5,4,0,26,13,3,0,0,25,94,3,0,1,5,7,33,0
1966,5,0,43,0,47,31,14,1,0,5,0,12,28,18,2,0,3,2,7,3,2,30,0,0,1,0,2,0,8,0,2,5,0,5,9,3,40,6,4,0,0,36,113,0,1,6,13,2,30,0
1966,6,5,37,1,60,19,10,4,0,13,0,3,38,5,10,0,3,2,10,2,5,34,0,0,0,1,6,0,0,0,0,11,5,7,4,3,24,9,0,1,0,14,128,3,3,7,20,3,21,1
1966,7,6,15,4,51,17,5,4,0,29,0,4,64,32,8,0,13,2,2,20,5,12,0,1,3,9,4,0,0,0,4,18,2,4,12,1,29,12,2,1,0,26,260,2,19,9,22,4,49,3
1966,8,2,29,4,85,13,36,8,5,29,1,4,126,23,3,0,12,3,9,11,39,86,2,0,5,2,5,0,6,0,0,35,5,5,17,1,13,17,11,4,0,52,84,0,24,10,35,21,55,3
1966,9,1,4,5,78,2,27,4,0,13,0,19,101,17,6,0,15,5,14,6,45,96,4,0,9,8,1,0,3,1,0,14,9,1,47,0,13,22,12,2,0,33,101,2,2,8,28,14,62,2
1966,10,2,17,0,76,4,5,0,1,14,0,1,66,6,8,0,10,0,11,1,16,105,1,3,2,11,0,0,11,0,1,15,9,1,55,1,13,26,17,0,0,26,39,0,2,1,24,17,41,0
1966,11,7,13,8,50,9,18,1,2,9,0,0,62,13,4,0,7,0,14,1,8,57,2,2,13,10,6,0,1,0,0,30,1,0,18,0,13,17,11,0,0,14,36,2,0,3,40,59,55,0
1966,12,0,19,0,33,14,36,0,0,12,2,2,44,17,9,0,10,0,12,5,23,104,1,0,18,5,1,0,14,2,0,17,12,0,25,3,22,17,8,1,0,33,32,2,0,17,19,52,35,0
1967,1,15,17,0,45,11,23,1,0,14,0,2,37,14,8,0,21,0,26,8,44,114,2,0,22,18,1,0,0,0,0,22,5,1,41,0,15,46,2,0,0,52,53,0,1,14,20,42,46,0
1967,2,2,4,6,62,5,17,0,0,19,1,5,41,10,5,0,272,1,26,9,32,59,10,4,8,13,3,0,3,0,1,34,5,0,18,1,18,16,1,7,0,64,71,1,3,21,21,26,46,0
1967,3,2,4,2,113,7,14,2,0,17,2,5,29,28,41,0,17,2,25,3,21,107,6,1,22,18,0,0,6,0,0,30,6,2,15,5,22,48,8,1,0,50,111,0,0,5,18,23,48,0
1967,4,3,6,1,113,9,11,0,0,12,1,7,32,21,7,0,33,18,4,11,33,105,0,1,23,59,0,0,1,0,0,17,8,0,38,3,28,25,0,3,0,76,82,5,1,20,22,108,38,0
1967,5,12,11,1,99,9,7,0,0,23,7,1,20,20,33,0,19,19,20,8,18,95,0,2,14,23,1,0,0,0,1,7,15,2,19,14,22,31,5,2,0,31,104,1,0,18,33,71,36,0
1967,6,5,3,1,48,6,11,1,0,27,1,4,37,22,13,0,40,27,1,5,18,57,3,6,12,27,8,0,0,0,2,18,5,0,19,9,14,9,3,2,1,18,97,2,0,15,25,36,8,0
1967,7,13,3,3,64,2,2,3,1,54,2,4,60,54,9,0,21,24,8,4,9,86,4,8,21,10,0,0,0,0,7,8,3,0,40,8,21,18,1,7,0,65,51,1,1,29,19,69,20,0
1967,8,24,10,1,109,15,3,2,0,44,5,10,100,36,5,0,39,15,26,7,23,121,4,3,8,22,4,3,0,0,0,21,8,0,51,4,30,35,1,0,0,36,73,2,2,33,18,63,53,0
1967,9,10,2,2,58,17,3,2,1,31,2,2,71,50,20,0,16,17,36,8,16,71,6,0,3,1,0,0,0,0,0,9,7,10,42,28,10,24,17,1,1,27,57,1,0,17,17,11,27,0
1967,10,6,3,0,42,24,6,0,2,11,0,0,56,24,8,0,10,11,53,4,21,78,1,1,6,0,0,0,0,0,0,8,8,1,4,7,9,40,11,1,0,28,29,1,7,6,10,8,7,0
1967,11,66,8,0,37,9,20,3,0,4,0,1,39,18,16,0,14,5,36,2,4,95,2,0,6,5,3,0,4,0,2,1,6,1,17,3,6,22,2,2,0,23,34,0,17,8,25,54,18,0
1967,12,5,4,1,58,13,3,1,0,15,1,0,29,7,11,0,8,0,4,3,5,70,3,4,8,3,4,0,0,0,0,10,3,2,11,0,17,22,1,2,0,9,84,1,25,6,19,5,25,1
1968,1,23,14,2,41,22,0,1,0,11,1,1,17,8,10,0,14,0,11,2,9,49,1,3,2,8,0,0,3,0,0,4,1,0,14,1,9,21,2,0,0,28,118,4,15,9,12,27,25,0
1968,2,18,17,0,37,1,3,0,0,7,2,1,35,6,8,0,15,1,3,0,4,53,0,1,0,5,0,0,0,0,0,3,8,1,13,4,5,9,1,0,0,29,78,0,3,11,29,4,23,0
1968,3,14,12,0,36,6,7,1,0,2,1,0,17,16,18,0,1,0,0,0,2,30,1,1,3,5,0,0,0,1,1,18,5,0,17,7,37,27,9,2,0,12,69,0,9,6,2,8,9,28
1968,4,12,14,0,32,25,11,2,0,5,1,1,9,41,2,0,2,1,0,0,2,54,1,1,3,4,0,0,0,0,2,6,2,1,13,1,15,7,12,0,1,17,93,0,0,11,18,0,5,0
1968,5,1,12,0,60,22,4,0,1,11,1,0,8,33,7,0,5,1,1,3,5,25,0,0,1,0,0,0,0,0,9,5,7,2,14,0,12,8,19,0,1,10,94,0,2,7,12,0,24,2
1968,6,3,17,0,41,7,5,1,0,6,2,0,8,32,1,0,6,3,0,3,6,36,1,0,1,0,0,0,0,0,10,4,0,1,2,2,8,1,4,1,0,17,70,0,9,8,0,2,14,0
1968,7,18,13,1,55,30,2,2,0,9,1,1,32,15,2,0,9,3,1,1,4,37,2,0,11,5,0,0,21,1,3,2,5,3,7,12,4,0,0,0,0,6,108,0,0,3,5,9,22,0
1968,8,8,7,5,55,3,2,3,0,25,2,0,32,28,3,0,20,0,2,5,3,37,3,0,0,2,0,0,0,0,0,10,10,2,28,7,5,7,3,2,4,18,58,2,3,6,2,7,15,1
1968,9,21,5,1,53,2,1,0,1,8,4,2,35,21,3,0,7,0,0,7,20,36,0,0,2,1,0,0,3,1,0,9,8,2,2,8,5,5,2,3,3,6,47,4,1,4,3,2,21,0
1968,10,8,4,0,61,9,11,5,1,8,1,6,20,13,2,0,1,1,0,5,17,21,0,0,7,0,0,0,0,0,1,9,2,2,3,3,7,20,3,2,0,15,36,0,4,4,2,3,25,0
1968,11,4,2,1,29,2,3,0,1,4,2,7,17,13,9,0,2,0,0,1,10,30,0,0,1,0,0,0,1,0,1,12,4,1,9,6,2,8,1,2,0,11,16,1,0,9,5,2,27,1
1968,12,4,0,1,36,2,8,0,0,2,1,7,16,6,0,0,4,1,1,6,3,21,0,2,0,1,0,0,0,0,0,5,1,0,2,2,4,12,2,2,0,11,15,0,0,6,7,3,7,1
1969,1,1,10,1,17,26,5,1,0,8,2,0,32,6,0,0,13,0,0,1,8,4,0,2,1,2,0,0,0,0,0,9,0,2,0,8,21,3,2,0,1,8,45,0,21,2,3,2,26,0
1969,2,1,2,1,15,6,0,3,0,3,0,0,21,4,2,0,1,0,1,3,2,15,0,1,0,0,0,0,0,0,1,4,0,1,0,0,6,1,2,2,0,5,35,0,0,2,14,2,14,0
1969,3,4,2,0,21,3,3,5,0,11,1,0,8,3,2,0,2,0,2,1,4,22,0,0,0,1,0,0,1,0,0,2,4,4,6,3,8,5,3,0,0,6,44,2,0,5,0,4,5,28
1969,4,0,11,3,30,6,2,6,0,10,0,0,14,0,1,0,2,1,0,1,6,9,4,0,1,0,2,0,1,2,4,3,1,2,4,1,1,8,2,4,0,3,47,0,1,5,6,2,14,0
1969,5,1,8,0,43,23,2,1,0,13,0,0,10,9,1,0,8,0,0,0,0,4,5,0,0,0,1,0,0,0,1,3,4,1,7,7,4,9,3,4,0,3,74,0,3,6,8,4,10,2
1969,6,2,7,0,29,12,2,0,0,16,0,2,5,5,0,0,9,0,0,0,4,7,1,0,1,0,0,0,0,0,2,0,2,1,6,1,11,3,0,0,0,11,24,0,0,4,5,4,4,0
1969,7,7,7,3,39,1,0,0,0,19,6,1,6,9,0,0,11,5,1,0,3,13,1,0,1,2,0,2,0,0,0,4,2,1,11,1,3,5,0,8,0,15,24,0,0,4,8,7,6,0
1969,8,4,7,1,41,9,1,4,0,13,0,4,21,3,0,0,2,1,0,5,7,13,5,4,1,0,1,0,0,12,0,2,6,0,6,7,11,13,0,2,0,16,17,0,7,1,9,14,4,1
1969,9,6,4,0,59,9,2,2,0,52,0,2,32,8,1,0,6,1,6,2,2,31,1,1,1,1,0,0,0,0,0,3,1,0,8,4,3,21,2,3,0,10,22,0,7,10,16,2,11,0
1969,10,1,14,0,47,5,3,2,0,2,0,0,34,7,6,0,3,2,3,1,7,35,6,0,3,0,0,0,1,0,2,11,3,4,10,5,3,16,2,3,0,8,13,1,0,12,30,9,15,0
1969,11,6,19,0,26,17,1,11,0,4,0,0,18,6,2,0,3,3,0,1,4,8,2,0,3,0,0,0,0,0,1,2,5,3,4,3,19,12,1,2,0,21,21,0,3,8,26,8,24,1
1969,12,5,10,1,30,16,1,5,0,0,0,0,31,2,3,0,4,1,5,2,2,31,2,0,1,1,0,0,3,0,0,7,0,3,8,3,17,10,1,0,0,4,15,0,0,9,18,1,8,1
1970,1,1,11,0,25,27,5,5,0,2,0,0,44,0,3,0,3,0,3,3,1,7,1,0,3,2,0,0,0,0,0,7,0,0,5,1,9,7,1,0,0,20,40,0,3,46,12,3,15,0
1970,2,2,5,0,23,21,4,0,0,2,0,0,8,5,0,0,16,1,1,1,4,17,2,1,3,8,1,0,0,0,2,5,1,0,4,1,5,13,1,3,0,21,20,0,6,10,14,4,9,0
1970,3,1,9,0,58,6,3,0,0,6,0,0,14,7,2,0,4,0,7,1,1,6,0,1,1,0,0,0,1,0,1,4,5,0,12,2,2,4,2,9,0,6,22,0,2,3,7,5,17,0
1970,4,3,23,1,51,7,3,0,0,13,1,1,14,4,6,0,7,2,0,1,11,8,0,0,0,3,3,0,0,0,4,5,4,0,5,2,3,6,3,8,0,12,70,1,2,8,13,2,9,0
1970,5,2,12,0,57,0,6,0,2,19,0,4,13,17,1,0,42,6,4,2,3,3,0,0,1,6,0,0,0,0,1,1,2,0,8,2,6,19,5,2,1,4,41,1,1,10,37,3,0,0
1970,6,4,21,1,42,4,15,0,2,8,4,0,6,13,2,0,18,1,3,14,5,10,1,1,2,7,0,0,1,0,0,3,6,0,6,6,6,7,2,1,0,17,24,0,1,2,19,2,11,0
1970,7,2,23,7,47,2,4,1,0,7,3,1,28,15,0,0,16,1,0,5,1,39,0,2,3,6,0,0,0,0,1,1,34,0,15,8,10,13,3,3,0,16,53,0,0,20,7,22,19,0
1970,8,2,4,3,63,4,5,0,0,11,1,0,67,14,1,0,9,3,4,7,6,32,0,1,6,9,1,0,1,0,2,13,20,2,25,10,14,15,6,0,0,14,55,0,2,15,49,2,12,0
1970,9,4,8,2,56,7,12,4,3,4,2,0,49,15,2,0,42,12,4,4,7,31,0,0,3,9,0,0,1,0,0,10,18,2,21,6,19,18,3,2,0,18,22,4,2,7,37,5,31,0
1970,10,2,7,3,40,4,8,4,0,8,1,4,49,23,3,0,10,4,1,1,5,27,0,1,3,4,0,0,0,0,0,4,8,0,18,1,4,27,2,6,0,15,36,0,0,6,7,5,1,0
1970,11,2,7,0,50,1,2,0,1,4,0,0,51,4,0,0,4,1,4,2,4,7,0,1,1,6,0,0,0,0,0,2,5,1,17,1,11,10,2,0,0,12,26,0,0,6,6,11,22,0
1970,12,1,5,1,24,0,4,1,0,11,0,0,20,4,2,0,1,2,4,3,1,8,1,0,1,3,0,0,0,0,1,6,3,1,7,5,6,19,1,4,0,6,28,0,0,30,18,9,0,0
1971,1,11,21,2,29,1,2,0,0,7,0,0,27,13,0,0,9,4,6,3,1,5,0,3,1,3,0,0,5,0,0,8,3,1,9,4,14,12,2,3,0,20,46,0,0,11,4,2,4,0
1971,2,6,12,0,30,2,0,0,1,1,0,0,11,19,3,0,3,4,4,3,0,11,0,1,0,2,0,0,1,1,0,4,2,1,3,1,7,7,1,0,0,22,17,3,0,2,9,1,0,0
1971,3,14,6,4,33,1,1,1,1,5,0,0,12,14,3,0,13,4,11,4,1,11,1,0,0,2,0,0,0,1,0,3,9,0,6,2,7,4,1,3,0,14,10,0,1,7,16,6,13,2
1971,4,13,10,9,21,1,1,1,1,4,0,5,10,14,5,1,4,2,1,3,2,6,0,5,2,4,0,0,0,1,0,3,3,0,9,0,5,8,0,25,0,6,36,0,0,6,6,2,1,0
1971,5,6,13,1,33,1,3,1,0,6,0,0,14,9,3,5,18,1,1,4,3,9,0,2,3,2,0,0,4,0,0,3,2,0,4,1,11,13,0,25,0,15,39,3,0,4,9,4,3,1
1971,6,9,7,16,39,4,4,3,0,11,0,2,6,3,3,2,3,11,6,2,1,11,0,0,0,3,0,0,0,0,0,2,8,0,2,1,8,4,1,8,1,9,47,0,0,9,3,6,0,0
1971,7,13,2,10,24,2,0,0,0,18,18,6,5,13,2,1,9,7,1,1,1,9,2,2,6,1,0,0,0,0,0,1,8,0,12,9,9,0,0,9,0,35,33,0,1,6,7,6,0,0
1971,8,3,6,3,44,2,4,7,0,17,0,0,33,3,7,2,5,7,5,2,2,27,7,4,3,0,1,0,0,1,0,2,9,0,6,0,17,3,1,9,3,30,19,0,4,7,28,13,0,0
1971,9,2,14,5,46,3,1,2,0,13,0,0,23,6,15,0,12,4,1,2,5,13,1,0,1,1,1,0,1,1,0,14,0,0,9,0,10,4,1,7,2,17,10,1,5,4,11,15,11,1
1971,10,4,5,0,29,1,3,3,0,2,0,0,19,0,17,2,2,19,1,2,0,22,0,1,3,1,0,0,1,0,0,1,1,3,14,0,16,7,0,4,2,12,9,0,3,3,5,2,7,0
1971,11,1,5,0,23,1,2,7,0,3,0,0,3,4,6,0,1,8,1,0,0,9,0,1,0,6,0,0,2,0,0,3,3,0,1,0,2,4,0,5,0,5,5,1,0,2,3,2,0,0
1971,12,3,2,1,28,2,0,14,0,2,0,0,9,7,15,0,2,11,0,2,2,7,4,0,1,1,2,0,5,2,0,5,5,2,5,7,2,14,0,0,0,7,11,0,0,0,5,4,0,0
1972,1,3,6,2,8,1,7,9,0,7,0,0,5,11,1,0,6,3,2,0,1,13,0,0,1,0,1,0,4,0,0,2,3,0,3,1,3,4,0,1,0,9,8,0,0,1,4,3,1,0
1972,2,2,10,0,11,1,0,12,0,8,0,0,7,6,10,2,1,1,1,1,0,8,0,8,0,1,0,8,0,0,1,1,2,0,3,3,5,6,0,6,0,6,9,0,0,2,11,4,3,0
1972,3,1,5,0,9,0,3,1,0,1,1,0,3,7,1,0,3,2,1,3,0,14,0,0,2,0,3,0,3,0,1,0,2,3,1,1,3,15,1,2,0,12,16,0,0,3,1,2,68,0
1972,4,8,5,3,15,3,4,0,0,4,0,0,8,12,3,2,4,5,1,0,5,5,3,1,10,1,0,0,0,0,0,0,3,0,2,2,12,11,0,4,0,8,24,1,0,4,4,11,46,1
1972,5,3,9,2,17,10,0,0,0,10,0,0,2,79,11,0,4,4,0,2,2,4,0,0,2,7,16,0,1,0,0,2,1,3,4,0,6,20,4,5,0,19,14,0,0,3,7,8,134,0
1972,6,3,2,7,15,4,2,1,0,17,0,0,9,4,4,0,3,6,0,1,0,8,0,0,0,0,0,0,4,0,0,3,4,4,2,5,5,6,3,0,0,16,24,0,0,2,4,7,74,0
1972,7,1,1,3,16,4,1,3,0,7,0,1,16,10,1,2,10,6,0,4,1,11,3,6,68,2,1,0,1,0,2,3,24,0,13,6,3,5,2,0,0,23,24,1,0,9,4,2,45,0
1972,8,2,2,1,31,3,1,0,0,1,0,0,19,60,2,0,11,7,2,1,3,12,1,1,48,7,0,0,0,0,0,3,16,4,9,4,7,11,1,3,2,10,11,0,0,6,1,8,94,0
1972,9,3,5,2,20,1,2,1,0,10,0,0,17,32,5,2,2,3,3,1,5,6,1,1,3,0,0,0,2,0,0,2,11,4,8,4,14,11,1,0,1,15,18,0,0,3,3,7,80,1
1972,10,4,3,1,8,0,2,0,0,2,0,0,9,0,2,0,7,4,2,1,2,19,0,2,1,0,0,0,0,0,0,4,0,2,8,2,9,6,0,1,0,7,17,0,1,3,15,1,132,0
1972,11,0,3,3,17,0,0,0,0,2,1,0,3,3,2,2,9,2,0,0,1,9,2,0,0,0,2,0,3,0,0,3,3,2,3,3,1,4,0,0,0,1,7,0,0,0,42,5,133,0
1972,12,0,3,3,12,0,2,0,0,3,0,0,12,3,33,1,1,1,1,4,2,7,1,0,10,0,0,0,4,0,0,2,2,2,2,2,1,4,0,2,0,2,13,0,0,2,7,6,61,0
1973,1,2,0,1,6,3,0,3,1,1,0,1,1,5,2,0,6,1,0,4,2,12,1,0,1,0,0,0,1,1,6,3,3,0,3,2,1,5,0,2,0,3,15,0,0,2,35,6,34,0
1973,2,0,0,1,1,3,0,1,0,2,2,1,4,7,0,0,4,3,0,0,8,10,1,3,0,1,0,0,0,0,2,1,4,0,9,5,4,5,0,0,0,5,7,0,0,0,7,2,26,0
1973,3,0,0,0,11,1,1,0,0,8,0,3,10,1,2,0,4,1,0,1,6,3,0,2,0,0,1,0,0,0,0,1,2,1,4,1,9,2,0,1,0,6,12,1,1,1,4,4,8,0
1973,4,1,0,0,3,0,1,0,0,4,0,0,3,7,0,0,11,3,4,2,1,4,0,0,0,0,0,0,0,0,1,4,3,6,0,2,3,1,0,1,0,8,30,0,0,1,6,0,9,0
1973,5,0,0,0,17,2,0,1,0,1,0,0,7,1,0,0,3,1,0,0,1,5,0,2,2,1,1,0,0,0,3,3,3,0,9,4,4,6,0,0,4,3,5,0,0,2,1,1,30,0
1973,6,0,0,5,7,2,0,0,0,6,0,0,12,2,0,0,1,0,0,0,0,5,0,0,0,2,0,0,0,0,1,7,5,0,1,0,5,0,1,0,2,5,9,0,0,4,5,4,27,0
1973,7,3,0,4,13,0,0,0,0,0,0,2,6,2,14,0,3,1,0,0,0,5,0,0,5,0,0,0,1,0,1,8,4,4,3,4,1,0,1,0,0,3,9,0,0,2,0,1,20,0
1973,8,1,0,4,28,1,2,1,0,3,0,0,11,3,0,0,11,2,0,1,4,3,0,3,1,0,0,0,0,0,0,8,5,0,4,2,2,7,3,3,0,2,7,0,0,0,3,3,19,0
1973,9,4,0,2,38,2,3,0,0,8,0,0,7,8,0,0,4,0,0,2,3,11,3,0,0,0,0,0,1,4,0,7,7,0,6,1,3,5,0,0,0,1,9,0,0,1,7,0,30,2
1973,10,2,0,4,41,0,2,0,0,1,0,1,25,2,0,0,9,0,0,0,0,9,1,2,0,0,0,0,0,2,0,6,1,0,10,0,2,2,0,4,1,0,0,0,0,0,3,0,37,0
1973,11,1,0,0,18,0,1,0,0,1,0,0,26,5,2,0,3,0,0,3,1,5,2,1,0,0,0,0,1,0,0,7,1,0,1,0,0,3,1,0,0,11,8,0,0,1,4,0,33,0
1973,12,1,0,2,16,2,0,0,0,5,0,0,17,3,1,6,0,0,1,1,1,14,0,1,1,0,0,0,0,0,0,11,4,0,5,2,6,6,0,1,0,8,4,0,0,1,2,0,26,0
1974,1,2,0,2,9,0,3,0,0,0,0,0,25,5,1,0,1,0,0,1,1,9,1,4,0,0,0,0,0,0,1,5,0,0,8,1,5,11,0,1,0,1,5,1,0,0,7,12,30,0
1974,2,3,0,0,19,0,2,0,0,2,0,0,15,3,2,0,6,4,0,0,1,5,0,0,5,0,0,0,0,0,0,9,0,0,11,3,2,13,0,0,0,9,6,0,0,2,7,2,12,0
1974,3,2,0,0,25,0,2,0,0,1,2,0,20,2,1,0,0,0,0,0,1,0,0,0,0,0,2,0,0,0,0,7,1,0,8,1,3,3,1,1,0,4,4,0,0,2,7,0,19,0
1974,4,1,0,0,18,1,4,0,0,3,0,0,27,1,0,2,3,1,0,0,1,1,0,1,1,0,0,0,0,0,0,4,1,0,30,0,1,2,2,2,0,0,9,3,0,2,12,0,0,0
1974,5,0,0,0,29,0,1,0,0,0,0,0,18,4,3,0,2,0,0,0,1,5,0,2,1,0,0,0,0,3,3,4,0,0,7,1,6,0,0,4,0,2,17,2,0,0,2,0,10,0
1974,6,0,0,6,27,0,2,0,0,0,0,1,12,6,0,2,8,2,0,2,1,8,0,5,2,0,0,0,0,0,1,5,6,0,25,2,2,1,1,0,2,3,19,0,0,5,0,0,5,0
1974,7,5,0,5,51,1,2,1,0,1,7,0,34,4,2,1,6,9,0,1,1,23,1,2,5,0,1,0,0,3,1,6,7,0,18,4,14,5,1,1,1,13,6,5,0,3,13,0,6,0
1974,8,3,0,6,46,1,5,0,0,0,3,3,25,10,3,0,1,1,0,2,2,10,0,12,3,0,0,0,6,2,0,5,20,0,34,2,2,8,1,0,0,11,5,2,0,16,17,0,25,0
1974,9,3,0,1,43,0,4,0,0,2,1,0,38,3,1,1,2,0,0,0,1,14,0,7,1,0,1,0,2,0,0,15,7,1,7,2,3,4,2,0,0,15,5,0,0,7,11,0,7,1
1974,10,0,0,2,45,1,3,0,0,2,2,0,26,6,1,0,7,2,0,0,0,8,0,0,4,0,0,0,0,0,5,8,10,0,1,0,5,8,1,0,0,1,4,0,0,1,2,1,10,0
1974,11,1,0,2,21,2,0,0,0,2,0,0,20,6,1,2,13,1,0,0,1,8,0,1,1,8,0,0,0,0,4,11,1,0,4,3,2,6,2,0,0,8,14,2,0,0,2,0,9,0
1974,12,0,0,0,26,3,4,2,0,17,0,0,9,3,0,2,2,0,0,0,0,13,0,5,2,0,0,0,3,0,6,5,1,0,10,1,7,8,0,0,0,13,5,0,0,0,7,2,7,0
1975,1,1,0,1,22,1,1,0,0,0,0,0,16,1,0,3,1,2,0,1,0,16,0,1,2,0,0,0,0,3,6,6,3,0,3,0,1,13,0,0,0,3,3,0,1,2,11,1,11,0
1975,2,7,0,0,12,0,1,0,0,2,1,0,2,1,0,1,1,2,0,0,0,7,0,2,9,1,0,0,0,1,5,4,4,0,17,1,2,3,0,0,0,0,12,0,0,2,6,14,10,0
1975,3,0,0,0,7,1,2,1,0,3,0,0,1,5,1,4,1,1,0,1,0,3,0,10,1,0,0,0,0,0,3,4,1,0,2,2,0,2,1,0,0,1,9,0,0,0,6,0,7,0
1975,4,3,0,2,10,0,0,2,0,4,0,2,13,4,1,1,5,7,0,1,0,7,0,6,0,0,0,0,2,1,0,3,1,0,0,8,0,1,0,0,0,0,3,0,0,2,2,0,8,0
1975,5,2,0,6,4,1,1,0,0,4,1,0,5,6,0,0,2,2,0,1,0,7,0,0,1,0,0,0,0,0,0,3,3,0,5,1,5,5,1,3,0,2,20,0,0,1,0,2,8,0
1975,6,0,0,0,11,2,1,0,0,4,2,0,8,12,0,1,5,6,0,0,4,3,1,2,2,2,0,0,1,0,0,3,3,0,3,3,12,1,0,0,0,10,20,0,0,2,4,0,5,1
1975,7,4,0,0,10,3,0,0,0,0,1,0,5,9,0,5,5,4,0,2,2,2,0,5,2,2,0,1,0,0,1,11,8,1,1,4,0,2,0,1,0,29,13,0,0,3,1,8,9,0
1975,8,26,0,3,11,3,1,0,0,0,3,6,13,23,0,2,13,16,0,0,0,4,1,4,2,2,0,0,2,2,2,6,11,0,10,2,5,2,0,3,0,17,29,0,5,2,3,7,14,1
1975,9,0,0,1,11,3,3,0,0,2,1,1,12,9,1,1,3,7,0,2,0,16,1,2,2,6,0,0,0,0,90,8,7,0,6,2,0,2,1,2,0,11,19,0,0,1,0,5,4,0
1975,10,0,0,3,13,3,0,0,0,4,0,0,7,5,1,2,2,5,0,2,0,8,0,5,0,1,0,0,0,1,1,14,4,0,8,1,1,2,0,0,1,3,0,0,0,0,1,3,21,1
1975,11,0,0,5,11,0,0,0,0,2,0,0,14,1,0,1,5,4,0,2,0,15,0,6,0,3,0,0,0,0,0,4,2,0,3,1,0,3,0,0,0,1,4,0,0,2,2,0,7,0
1975,12,3,0,1,4,1,2,1,0,0,0,0,5,6,20,4,4,1,0,2,1,10,0,7,0,1,0,0,2,0,1,16,3,0,13,3,0,1,2,0,0,1,5,0,0,0,2,1,8,5
1976,1,0,0,2,11,1,3,0,0,2,0,0,4,4,2,0,6,0,0,3,0,7,1,0,0,2,1,0,0,4,10,6,2,0,7,1,1,1,3,3,0,3,0,1,0,2,2,5,17,0
1976,2,1,0,2,5,2,1,0,0,3,1,0,9,7,0,4,6,0,1,0,0,13,0,1,1,0,0,0,0,1,0,5,2,0,16,0,5,4,0,1,0,3,5,0,1,1,0,1,2,0
1976,3,0,0,1,6,0,7,0,0,0,0,3,3,1,1,2,3,1,0,2,0,5,1,0,0,0,0,0,0,1,2,9,1,0,1,0,1,1,1,1,0,0,2,0,0,2,2,1,2,0
1976,4,0,0,1,2,0,0,0,0,0,1,5,3,1,0,0,5,0,0,1,0,2,0,0,2,0,0,0,0,1,0,4,3,0,6,0,1,0,0,1,0,0,7,1,0,0,0,0,0,0
1976,5,0,0,1,1,0,0,0,0,0,0,1,7,7,0,1,2,0,0,1,0,5,1,0,0,0,0,0,0,0,2,12,4,0,3,0,0,4,0,3,0,0,2,0,0,0,0,0,3,0
1976,6,0,0,2,8,4,0,0,0,4,0,0,3,11,0,0,3,1,0,0,1,9,0,0,1,1,0,0,0,1,0,3,3,0,4,4,0,1,0,0,0,2,3,1,0,1,0,5,0,0
1976,7,2,0,3,5,1,0,2,0,5,1,0,0,12,0,0,1,1,0,0,1,6,0,5,5,1,0,0,0,0,1,2,3,0,3,5,5,1,4,0,1,4,4,1,0,1,1,1,2,0
1976,8,0,0,12,10,1,1,0,0,0,0,0,6,11,0,1,9,0,0,0,1,6,0,3,2,0,0,0,1,2,0,8,9,0,4,8,0,3,0,6,0,9,2,0,0,0,0,6,2,0
1976,9,1,0,1,8,0,2,0,0,0,0,0,1,2,2,1,3,2,0,0,1,5,0,1,3,0,0,0,0,0,3,3,11,0,12,1,1,3,0,0,0,4,5,0,0,0,7,2,7,0
1976,10,2,0,0,4,0,0,0,0,0,0,1,6,4,0,2,0,9,0,0,1,3,0,0,4,0,0,0,0,0,0,3,9,0,6,1,0,2,0,1,1,2,4,0,0,0,6,0,3,0
1976,11,0,0,2,6,0,2,0,0,2,0,0,4,1,0,0,2,0,0,0,1,6,0,1,1,0,0,0,0,0,0,1,2,0,1,3,0,2,0,0,1,5,1,0,0,2,7,1,5,0
1976,12,0,0,1,9,1,0,0,0,2,0,0,1,0,0,0,3,1,0,1,0,3,1,0,0,0,0,0,0,0,0,7,2,0,1,3,0,7,0,0,1,1,1,0,0,3,1,3,4,0
1977,1,0,0,1,8,1,2,0,0,0,0,1,4,1,0,2,3,0,1,0,0,1,0,1,0,0,0,0,0,0,0,11,0,0,1,1,1,1,0,2,0,1,5,1,0,0,8,2,0,0
1977,2,0,0,1,6,3,1,0,0,1,1,0,0,0,0,0,1,0,0,0,1,2,2,0,1,0,0,0,0,1,1,5,1,2,0,0,2,1,0,0,0,2,2,0,0,1,4,4,0,0
1977,3,0,0,0,9,3,0,0,0,1,0,0,3,2,0,0,1,0,0,0,0,4,0,1,0,0,0,0,0,0,6,7,2,0,1,1,3,1,0,0,0,2,4,0,0,0,4,8,0,0
1977,4,0,0,1,3,4,1,0,0,0,1,0,0,2,0,1,0,0,0,0,0,6,0,1,1,0,0,1,2,0,5,5,2,0,1,0,0,1,0,2,0,5,5,1,0,3,2,0,0,0
1977,5,0,0,6,17,0,1,0,0,1,0,0,0,1,0,1,2,2,0,0,1,1,0,1,0,0,0,0,0,0,19,1,3,0,2,0,6,4,0,0,0,2,7,0,0,1,6,3,1,0
1977,6,0,0,14,10,1,0,0,0,5,0,0,3,6,0,0,0,2,2,1,0,2,0,6,0,0,1,0,5,0,9,3,1,0,2,1,3,1,1,0,1,2,6,0,0,4,7,1,4,0
1977,7,3,0,3,14,1,0,0,0,17,19,0,1,2,0,0,2,1,0,1,0,6,1,6,3,1,0,0,1,0,7,4,8,0,4,0,11,5,0,1,0,4,14,0,0,3,7,2,0,0
1977,8,0,0,2,20,0,1,1,0,19,15,0,31,7,2,0,4,0,0,5,0,19,2,0,3,0,0,0,3,0,6,12,9,0,17,2,2,2,0,2,0,11,7,3,0,2,10,2,3,0
1977,9,1,0,3,36,0,1,2,0,13,126,0,61,4,2,0,0,1,0,4,4,13,1,2,8,0,0,0,1,1,9,6,6,1,10,3,6,9,0,6,0,10,9,0,0,6,7,0,9,0
1977,10,0,0,1,29,0,0,0,0,10,31,5,47,6,0,0,2,2,0,0,0,10,0,0,2,0,0,0,1,0,6,14,2,0,16,7,28,5,5,3,0,5,12,0,0,3,10,1,4,0
1977,11,0,0,4,31,3,1,2,0,5,6,2,61,4,0,0,5,2,0,0,0,5,1,0,8,1,0,0,2,0,5,14,1,0,12,1,148,6,2,2,0,3,2,0,0,1,2,0,5,0
1977,12,0,0,7,22,3,0,0,0,3,17,0,50,3,0,2,0,3,0,1,2,4,0,1,5,0,0,0,2,0,3,12,2,0,4,0,154,4,0,4,0,9,2,0,0,1,4,0,3,0
1978,1,0,0,2,22,2,1,0,0,1,7,0,38,8,0,0,2,0,1,0,1,1,0,0,4,0,0,0,2,0,1,14,4,3,5,1,46,0,1,2,0,1,8,0,0,1,4,4,5,0
1978,2,0,0,4,16,0,0,0,0,3,5,2,57,34,0,0,3,0,2,0,3,4,0,0,3,1,0,0,2,0,1,4,2,0,7,2,12,2,0,0,0,11,14,1,0,0,3,1,4,0
1978,3,0,1,2,12,0,0,0,0,2,10,0,26,9,0,0,3,1,0,0,1,1,0,1,5,1,0,0,0,0,6,10,3,0,4,2,1,6,0,0,0,14,8,0,0,2,2,3,2,0
1978,4,0,1,4,11,0,0,2,0,1,8,0,21,4,0,0,11,0,0,1,2,0,1,0,1,2,0,0,0,0,2,7,3,0,0,1,7,1,4,1,0,6,5,0,0,4,2,3,4,0
1978,5,1,4,5,25,1,2,0,0,4,6,0,20,2,0,0,2,0,0,0,0,2,0,1,1,0,0,0,0,0,6,6,2,0,0,0,4,3,0,0,0,2,9,0,0,0,7,1,3,0
1978,6,0,3,5,17,1,1,1,0,6,5,0,10,5,0,3,1,3,2,2,2,3,2,0,5,1,0,1,0,1,13,11,4,0,0,2,3,3,0,0,0,2,6,0,0,0,5,0,2,0
1978,7,0,5,9,33,1,0,0,0,10,11,0,9,5,1,3,3,0,0,1,0,6,10,2,11,3,0,0,0,0,10,9,5,0,1,0,4,2,0,2,0,6,17,2,0,0,12,3,4,0
1978,8,0,2,2,28,13,3,0,0,8,4,1,10,10,0,4,4,0,1,3,3,3,5,2,6,1,0,0,2,0,1,9,7,0,0,1,6,0,0,3,1,6,18,0,0,2,11,1,10,0
1978,9,0,3,0,22,0,1,0,0,20,11,0,4,9,0,2,2,0,0,1,2,5,5,1,4,0,1,0,1,1,0,11,5,5,1,3,15,9,0,2,10,5,16,2,0,3,4,3,4,0
1978,10,2,5,1,19,1,1,0,0,2,4,0,3,11,2,1,6,0,3,3,5,4,0,1,5,0,0,0,0,0,0,13,3,0,8,0,4,3,1,0,0,5,4,2,0,2,2,0,4,0
1978,11,0,0,1,34,0,0,0,0,4,5,1,36,8,0,0,9,0,0,0,1,8,0,0,0,0,1,0,0,0,0,14,3,0,11,0,0,0,1,0,0,1,12,1,0,1,5,1,1,0
1978,12,0,0,0,8,2,2,0,0,1,6,0,26,0,0,1,0,0,0,1,3,10,0,1,0,0,0,0,0,0,2,7,4,0,18,1,1,1,4,2,0,1,15,0,0,3,2,2,4,0
1979,1,1,1,2,11,5,0,0,0,1,4,3,15,6,0,1,14,0,1,1,3,4,0,1,0,2,0,1,0,0,2,9,3,0,16,0,2,1,2,0,0,0,12,0,0,3,0,2,4,0
1979,2,0,3,0,9,6,0,0,0,1,5,0,3,3,0,0,0,4,4,1,1,7,0,1,3,1,2,0,0,0,3,8,1,0,3,0,4,0,2,0,0,4,7,0,0,3,0,1,2,0
1979,3,0,1,0,7,1,0,0,0,5,7,0,9,7,0,1,6,1,1,2,2,3,2,0,2,1,0,0,0,0,2,6,4,0,3,2,0,1,0,2,0,1,21,0,0,0,0,3,1,0
1979,4,1,4,3,10,3,0,0,0,6,2,0,7,3,1,1,0,1,3,2,1,6,0,0,1,5,0,0,0,0,0,7,2,0,11,0,0,0,1,1,0,0,4,0,0,1,0,2,0,0
1979,5,0,7,2,6,1,0,0,0,9,3,0,1,3,0,2,0,1,1,0,1,2,0,0,1,1,1,0,0,6,0,9,0,0,3,1,0,2,1,1,0,1,5,0,0,0,0,1,2,0
1979,6,1,0,3,8,0,0,0,0,4,1,0,3,2,0,1,0,2,0,1,5,45,1,1,4,0,0,0,0,1,1,4,4,0,7,0,0,2,0,0,0,2,5,0,0,0,1,2,1,0
1979,7,1,1,1,12,6,0,0,0,2,5,0,8,1,0,3,4,4,0,3,2,2,1,1,2,1,0,0,0,0,1,3,7,0,16,5,0,1,3,0,0,3,12,0,0,3,1,3,2,0
1979,8,0,0,0,6,5,0,0,0,5,26,0,7,3,1,4,1,2,0,1,3,9,3,0,3,1,0,0,0,5,2,5,5,0,9,7,0,2,2,0,0,7,21,2,0,0,2,4,2,0
1979,9,0,4,0,12,4,0,0,0,1,16,0,8,1,0,1,3,1,0,1,4,7,1,1,4,1,0,0,0,1,2,7,2,0,6,5,2,0,0,8,0,4,5,0,0,2,5,1,1,0
1979,10,0,2,0,22,3,0,0,0,8,5,0,10,1,1,0,2,2,5,1,1,9,0,0,2,0,0,0,0,0,4,13,1,0,6,5,0,0,0,0,0,2,6,0,0,0,3,0,1,0
1979,11,0,2,1,10,6,0,0,0,7,12,0,20,7,0,2,0,0,0,1,1,2,1,1,1,0,0,0,0,3,5,4,0,0,3,3,1,0,1,1,0,4,1,0,0,0,0,0,1,0
1979,12,0,5,2,4,2,5,0,0,2,2,0,229,4,1,3,0,0,0,1,0,6,0,1,1,2,0,0,0,3,8,4,2,0,2,9,2,1,0,0,0,3,5,0,0,4,1,1,4,0
1980,1,0,1,2,11,5,0,0,0,1,7,0,2,4,0,2,1,0,2,0,1,3,0,0,1,0,0,0,0,0,7,4,0,0,6,2,0,3,0,0,0,0,10,0,0,2,6,0,1,0
1980,2,0,0,2,9,0,0,1,0,3,11,0,52,1,0,0,5,1,1,0,1,2,0,0,0,1,0,0,0,0,3,7,1,0,3,1,1,1,0,2,0,1,4,0,0,0,2,0,2,0
1980,3,0,0,1,3,1,0,0,0,2,12,0,0,7,0,1,1,2,0,0,1,3,2,0,5,0,1,0,0,1,6,6,2,1,3,5,0,0,0,1,0,1,5,0,0,0,1,2,0,0
1980,4,1,2,0,7,7,0,0,0,5,9,0,0,8,0,1,0,0,0,0,1,0,0,2,4,0,1,0,0,0,0,28,2,0,4,0,0,0,0,0,0,1,4,0,0,0,1,0,0,1
1980,5,0,1,1,5,3,0,0,0,2,15,0,3,9,0,1,2,1,0,0,0,0,3,3,6,0,0,0,0,1,1,30,0,0,4,1,0,1,0,1,0,0,5,0,0,0,8,1,0,0
1980,6,0,0,3,9,2,1,0,0,4,6,0,7,16,0,0,0,0,0,1,1,4,0,2,2,0,0,0,0,2,1,10,6,0,6,2,1,5,0,5,0,2,6,0,0,0,4,0,5,0
1980,7,2,6,0,18,3,0,0,0,19,15,0,13,47,0,2,5,5,0,1,2,4,1,1,3,1,1,1,0,3,0,13,8,0,19,4,0,14,1,0,0,7,6,2,0,2,8,1,5,0
1980,8,0,2,1,18,1,1,0,0,7,19,2,12,44,2,5,9,14,0,0,3,3,5,5,5,1,1,0,3,1,0,11,2,0,10,7,0,0,1,6,0,11,14,3,0,2,8,1,5,1
1980,9,0,2,1,23,4,2,0,0,6,10,2,19,11,0,3,1,9,0,0,5,7,4,1,1,0,1,0,3,3,0,15,8,2,11,1,0,8,0,1,2,6,8,1,0,1,5,4,10,1
1980,10,0,0,1,20,1,1,0,0,5,7,3,11,4,0,0,8,2,1,0,5,5,1,1,2,0,1,0,4,1,9,10,3,2,8,1,0,4,0,1,0,5,2,2,0,0,14,2,7,0
1980,11,0,6,1,10,0,0,0,0,2,5,3,10,4,0,0,4,0,1,0,1,2,3,0,1,0,0,0,3,2,1,9,0,0,4,4,0,5,1,1,0,1,10,2,0,3,7,1,1,0
1980,12,0,5,0,12,2,1,0,0,4,10,0,13,9,0,0,1,4,0,0,1,5,1,0,0,0,0,0,0,0,0,17,3,2,6,2,0,11,0,0,1,2,8,0,0,0,13,0,6,0
1981,1,0,0,1,3,0,0,0,0,3,7,0,1,3,0,0,4,0,0,0,1,9,3,0,0,0,0,1,0,0,1,3,0,0,6,0,0,1,1,1,0,1,1,0,0,0,2,1,4,0
1981,2,0,0,0,23,1,0,0,0,3,4,0,9,10,1,1,7,1,0,0,0,2,0,0,4,0,1,0,0,0,2,5,1,0,6,1,0,5,0,0,0,1,5,0,0,2,10,0,2,0
1981,3,0,1,0,11,6,1,0,0,5,8,0,0,9,1,1,4,0,0,0,0,0,1,2,3,0,0,0,0,1,0,10,0,0,1,0,1,3,0,0,0,0,4,0,0,0,4,0,4,0
1981,4,0,0,0,16,5,1,0,0,3,4,1,3,3,0,2,4,2,0,1,0,6,0,0,0,2,0,0,0,1,1,6,1,0,3,0,0,2,1,4,0,2,5,1,0,0,8,3,4,0
1981,5,0,0,0,5,1,0,0,0,8,3,1,4,14,0,1,0,1,0,0,1,1,2,0,0,3,0,0,6,0,1,7,1,0,2,0,1,1,1,0,0,1,15,1,0,0,13,1,1,0
1981,6,0,1,2,9,1,0,0,0,11,5,0,8,13,0,0,2,1,1,0,0,2,2,1,2,2,0,0,0,0,1,8,1,0,2,0,0,1,0,2,0,2,6,0,0,0,2,1,0,0
1981,7,0,5,0,10,1,0,0,0,11,8,0,13,0,0,0,0,0,1,0,2,1,2,0,0,0,4,0,1,3,2,2,1,1,6,0,3,0,1,3,0,3,7,1,0,1,1,0,6,0
1981,8,0,1,0,20,5,0,0,0,16,8,0,5,0,1,0,1,0,6,0,1,1,3,1,4,0,0,0,0,3,3,12,2,0,9,1,4,10,2,1,0,5,24,2,0,3,7,0,1,0
1981,9,0,1,1,37,1,0,0,0,8,9,2,5,2,2,1,2,0,1,0,4,2,0,2,3,0,0,0,0,0,1,16,2,0,1,0,2,2,2,0,0,0,7,0,0,1,2,0,8,0
1981,10,0,0,0,31,0,0,2,0,1,0,0,7,11,1,0,0,0,4,0,1,2,1,0,1,1,0,0,1,1,2,17,2,0,1,0,0,4,2,0,2,1,8,2,0,1,3,0,2,7
1981,11,0,3,1,5,1,0,0,0,5,1,0,4,12,1,0,0,2,0,0,1,2,1,1,4,0,0,1,0,2,1,5,1,0,1,0,1,5,0,0,0,0,4,0,0,1,5,0,1,0
1981,12,0,1,0,15,2,0,0,0,2,0,0,29,10,2,2,1,1,0,0,4,2,1,1,3,4,1,0,0,1,1,6,0,0,4,0,6,0,1,0,0,0,5,1,0,1,1,0,0,0
1982,1,0,1,0,8,1,2,0,0,3,0,0,5,5,0,0,0,0,0,0,2,4,0,0,3,0,1,0,0,0,2,2,1,0,2,0,2,4,0,1,0,1,1,0,0,0,2,1,6,0
1982,2,0,3,0,10,3,0,2,0,2,0,0,13,5,0,0,0,0,0,0,1,1,2,1,1,0,0,0,4,2,1,9,0,0,8,1,0,3,5,1,1,0,7,0,0,0,2,1,4,0
1982,3,0,0,0,15,0,0,0,0,0,5,1,7,2,0,1,0,0,0,1,3,1,1,0,1,0,0,0,0,1,0,9,1,0,8,1,4,1,2,1,1,3,2,0,0,3,4,1,10,1
1982,4,0,6,0,9,1,0,0,0,3,3,0,38,1,1,1,0,0,0,1,2,0,2,2,0,0,0,0,0,0,0,18,3,0,4,0,1,1,0,1,0,0,7,1,0,2,3,0,0,0
1982,5,0,0,2,7,2,0,0,0,8,1,0,8,2,2,0,2,1,3,2,2,1,2,4,2,0,0,0,0,3,1,6,3,0,1,0,9,4,2,2,1,0,2,0,1,2,3,0,2,0
1982,6,0,6,0,3,3,0,1,0,4,1,2,3,0,0,0,0,4,0,8,0,1,1,2,3,0,0,0,0,0,0,10,2,0,13,1,4,13,1,2,0,2,6,0,0,2,1,0,5,0
1982,7,1,0,2,9,4,0,0,0,11,13,4,2,1,2,5,2,4,0,20,3,3,3,0,2,1,0,0,0,6,0,10,3,0,8,0,3,19,0,6,1,4,9,0,0,8,3,1,6,1
1982,8,3,5,2,18,0,0,1,0,6,7,4,13,3,0,1,1,0,0,14,3,7,5,0,2,0,0,0,0,4,2,12,7,0,10,2,1,34,0,2,0,8,13,0,1,1,2,1,1,0
1982,,1,0,0,13,2,3,1,0,3,3,0,11,2,1,3,0,9,1,12,4,4,9,2,0,0,0,0,0,4,0,14,14,0,20,0,3,37,1,0,1,4,9,0,0,5,0,2,4,1
1982,10,0,0,0,15,1,0,1,0,4,5,0,31,3,2,0,0,3,0,8,3,1,0,2,2,0,0,0,0,0,1,111,9,0,9,0,0,22,0,0,0,4,9,3,0,4,8,2,1,0
1982,11,0,0,0,5,2,0,1,0,6,2,1,23,2,1,2,1,0,0,7,3,4,9,0,1,0,0,0,0,2,1,63,2,0,8,1,0,35,0,0,1,0,6,0,0,1,5,2,0,0
1982,12,0,6,1,3,17,0,2,0,5,3,0,10,9,0,1,1,3,0,7,6,5,0,3,0,0,0,0,8,4,0,58,6,0,7,3,0,31,0,0,0,0,8,0,0,1,3,4,2,1
1983,1,0,0,1,2,4,0,0,0,2,4,0,7,1,1,6,0,0,0,10,1,1,0,0,1,1,0,0,0,0,4,8,0,0,9,1,0,33,1,0,0,0,5,1,1,1,0,1,4,0
1983,2,0,0,0,3,5,0,0,0,5,5,0,14,1,1,0,0,2,0,5,4,0,0,0,1,0,0,0,3,2,0,15,0,0,12,4,0,59,0,2,0,0,5,0,0,6,1,0,3,0
1983,3,0,6,1,8,26,0,0,0,1,7,2,27,3,0,3,2,0,0,1,3,5,4,0,0,0,0,0,0,3,0,10,1,0,11,3,1,24,0,0,0,1,5,3,2,11,0,1,2,4
1983,4,0,2,0,2,3,0,0,0,4,2,0,26,6,2,5,0,0,0,2,4,0,10,1,3,0,0,0,1,2,1,10,3,1,12,12,2,10,1,3,2,0,0,0,0,4,0,0,0,0
1983,5,0,0,3,2,5,0,0,0,8,3,0,17,2,0,4,0,0,0,4,2,5,3,0,3,0,0,0,0,1,1,18,1,0,6,14,2,8,1,1,0,0,3,1,0,13,1,1,8,0
1983,6,1,0,8,14,10,0,2,0,5,6,0,9,5,1,4,0,0,2,5,2,0,3,1,3,0,0,0,2,4,0,12,4,0,20,36,0,3,0,2,1,0,3,2,1,3,2,1,10,0
1983,7,2,5,3,7,27,0,0,4,4,13,1,7,14,0,1,3,3,2,4,3,5,9,2,2,0,0,0,0,0,3,8,9,0,10,61,1,7,1,5,0,3,10,2,3,6,4,1,25,1
1983,8,0,0,3,29,20,0,1,1,8,16,3,13,12,0,7,4,0,0,0,5,9,4,0,7,0,0,0,1,2,0,9,3,0,25,74,0,20,1,0,3,0,21,6,0,0,5,2,11,1
1983,9,2,8,1,15,19,1,0,0,3,8,9,23,6,1,8,2,0,0,4,7,8,5,1,2,0,0,0,1,2,2,9,5,1,22,32,0,11,0,0,1,1,15,8,1,1,3,2,5,0
1983,10,0,2,2,8,14,4,0,0,8,1,1,8,2,0,3,3,5,1,3,3,6,5,0,1,0,3,0,1,0,2,8,1,0,11,65,2,7,0,0,1,3,15,0,0,4,0,0,1,0
1983,11,0,5,4,19,0,2,2,0,6,4,0,16,2,0,0,0,0,0,1,2,3,4,0,0,1,1,0,1,0,0,8,1,0,11,23,2,24,0,1,0,0,4,8,0,0,3,0,3,0
1983,12,0,4,2,9,5,0,0,0,2,1,0,12,6,3,89,0,1,0,0,4,1,2,0,0,0,1,1,0,1,0,4,6,1,9,23,0,45,0,0,0,0,9,0,0,1,1,0,3,0
1984,1,0,0,8,3,9,0,0,0,5,3,1,2,17,3,38,1,0,0,3,0,1,2,0,1,1,2,0,1,0,2,5,1,0,4,2,0,3,1,0,0,1,3,0,0,4,5,2,3,0
1984,2,0,0,2,10,2,0,0,0,5,1,0,4,54,0,1,0,1,0,0,2,4,0,0,9,15,0,0,1,0,0,4,11,0,11,6,4,7,0,1,0,0,5,1,4,1,1,1,5,0
1984,3,0,3,0,6,1,0,0,0,4,1,0,3,92,0,4,0,0,0,0,1,5,1,0,2,0,0,2,1,1,0,5,5,0,13,25,1,10,0,0,1,0,2,0,1,2,4,2,2,3
1984,4,0,5,0,9,5,0,0,0,3,0,0,4,22,0,3,0,2,0,0,0,1,1,0,0,0,0,0,0,2,3,11,0,0,6,84,2,0,0,1,0,1,2,0,0,0,3,1,1,0
1984,5,0,0,1,19,3,0,0,0,7,1,1,1,4,0,2,0,0,0,2,1,1,2,2,2,0,0,0,0,1,0,13,0,0,3,78,2,0,0,0,1,0,5,1,3,0,4,0,1,0
1984,6,0,3,1,8,5,0,2,0,9,2,1,4,12,0,0,0,0,0,8,1,0,2,1,0,1,0,0,1,1,0,12,0,0,12,8,2,10,0,0,2,0,9,3,3,4,15,1,1,0
1984,7,0,5,3,12,3,1,0,0,14,2,0,1,6,2,1,0,1,0,17,2,5,1,0,1,0,0,0,4,1,0,9,0,0,3,4,0,5,0,0,2,0,8,1,3,5,10,1,3,0
1984,8,0,4,1,27,6,0,0,0,9,4,4,3,16,4,2,0,0,0,19,3,4,3,1,1,2,9,0,1,4,1,5,4,0,10,6,3,4,0,0,1,4,7,0,3,1,18,2,25,0
1984,9,1,2,3,16,0,3,0,0,9,0,0,1,5,1,1,0,2,0,8,3,7,0,0,2,0,0,0,1,0,2,19,11,0,6,24,11,9,1,0,0,1,6,1,3,2,222,1,45,3
1984,10,0,1,1,23,5,0,0,0,3,3,0,3,4,2,0,1,2,0,1,4,0,3,0,2,0,1,0,2,2,2,15,1,0,4,3,4,5,1,0,1,0,5,0,3,0,31,0,10,0
1984,11,0,1,3,19,6,0,0,0,10,0,0,1,6,1,2,0,2,1,1,2,3,1,0,0,0,0,0,5,0,2,5,2,0,3,3,1,1,1,0,0,0,2,0,0,0,7,0,9,0
1984,12,1,3,1,7,4,2,0,0,12,3,0,2,21,2,1,0,2,1,0,3,0,0,0,3,1,5,0,0,0,1,6,2,0,4,4,1,2,0,0,0,0,5,0,2,0,6,0,9,0
1985,1,1,1,6,10,1,0,0,0,14,0,0,2,8,0,1,0,0,0,28,0,1,0,0,2,0,1,0,0,1,1,7,3,2,8,3,4,8,0,0,0,0,4,0,1,0,1,0,9,0
1985,2,0,1,1,12,1,0,0,0,4,8,0,7,3,1,3,1,0,2,35,0,3,0,0,1,1,0,0,3,0,0,13,3,0,0,4,0,2,1,0,0,0,7,2,0,1,2,0,6,0
1985,3,1,1,0,12,6,0,0,0,7,37,0,6,0,0,3,0,1,0,44,0,3,0,0,5,0,0,0,9,0,2,9,0,3,5,15,12,4,0,0,0,0,12,1,1,1,8,0,3,0
1985,4,0,1,2,16,0,2,0,0,10,1,0,2,0,2,8,0,1,0,31,2,0,1,0,0,0,0,0,2,1,0,3,1,1,0,29,0,0,0,0,0,0,14,1,0,1,4,0,12,0
1985,5,0,5,2,22,2,1,0,0,7,5,0,1,0,0,2,0,3,0,23,0,6,0,0,5,0,2,0,3,1,1,3,1,0,1,16,1,1,3,0,1,0,28,2,0,0,3,0,8,0
1985,6,0,4,2,26,0,2,0,0,7,6,0,2,0,0,5,2,0,0,28,1,5,4,1,0,0,1,0,9,1,1,5,1,2,4,21,4,1,0,0,0,1,51,2,0,2,6,1,24,0
1985,7,4,7,0,24,19,1,0,0,7,8,5,7,0,2,2,0,3,0,25,4,9,5,1,4,1,0,0,16,2,4,8,4,1,7,26,0,6,4,0,0,2,97,16,0,0,11,1,52,0
1985,8,1,7,2,31,17,1,0,0,4,11,2,14,88,0,0,0,2,0,20,17,3,30,2,7,0,0,0,37,3,2,16,4,0,12,35,14,18,4,2,1,11,70,16,1,3,18,2,63,0
1985,9,4,6,0,40,18,0,1,0,6,9,5,15,90,1,0,5,2,6,23,7,11,30,0,4,0,0,0,23,1,0,15,6,0,39,20,5,33,2,0,0,3,35,5,0,6,14,0,55,0
1985,10,7,5,2,30,10,0,1,0,3,6,3,10,0,22,4,0,3,1,22,6,5,26,0,1,0,5,0,4,1,0,22,7,0,20,12,4,8,2,0,1,1,30,7,0,3,7,0,78,0
1985,11,8,2,0,4,12,4,0,0,3,1,1,8,13,3,1,0,2,0,21,1,2,12,0,3,0,2,0,4,1,1,14,4,1,21,9,6,7,6,0,2,6,21,1,0,3,8,0,54,1
1985,12,4,9,1,15,20,2,0,0,1,10,14,12,22,3,2,1,3,0,12,11,6,23,0,3,0,0,0,1,0,3,19,6,0,3,17,4,4,1,1,6,3,10,7,1,1,10,1,18,0
1986,1,3,4,0,11,6,1,0,0,8,1,2,11,3,2,3,1,0,1,35,3,1,10,0,1,0,0,0,7,0,4,19,4,2,11,1,0,5,1,1,0,1,8,0,0,2,5,0,13,0
1986,2,2,6,1,6,8,4,1,0,7,16,5,6,7,0,3,0,1,0,29,4,8,2,0,1,0,1,0,2,5,2,17,6,0,27,13,2,2,0,1,0,1,4,1,1,4,9,0,11,0
1986,3,4,11,4,4,7,2,7,0,5,19,8,4,5,2,0,0,2,0,21,1,3,3,0,1,0,0,0,3,0,2,5,2,0,20,6,0,9,0,1,0,2,10,7,0,3,9,1,11,0
1986,4,0,2,0,18,2,7,183,0,12,8,11,4,2,1,0,0,0,0,21,0,4,5,0,1,3,0,0,4,0,1,18,2,0,5,1,3,0,0,1,3,1,11,1,1,0,3,3,7,0
1986,5,4,1,0,13,11,1,22,0,4,25,0,1,3,4,4,0,1,0,17,7,4,4,0,0,2,1,0,8,2,0,7,4,0,5,3,3,4,0,3,4,0,5,2,1,6,15,1,8,1
1986,6,3,4,3,28,11,1,5,0,6,4,3,5,3,0,0,0,2,0,20,5,2,3,0,1,0,0,0,7,0,3,4,2,1,6,32,1,3,0,2,4,0,21,3,0,1,11,5,10,0
1986,7,1,8,2,45,5,0,3,0,9,6,4,5,0,2,17,1,1,0,13,6,1,7,0,3,2,1,3,23,2,4,9,10,1,8,13,0,2,2,2,2,2,17,7,0,4,9,8,20,0
1986,8,5,11,7,75,14,2,5,0,10,22,2,6,0,2,58,3,4,0,2,1,1,6,0,4,5,4,0,4,2,3,10,11,1,35,24,1,7,1,2,1,10,19,8,0,10,22,7,10,3
1986,9,1,9,2,26,12,6,0,0,4,20,7,5,4,5,85,0,2,0,3,1,4,4,0,6,1,0,1,7,4,1,16,22,0,21,11,2,3,1,5,0,1,9,6,0,4,31,0,8,0
1986,10,2,9,2,43,6,0,0,0,3,7,1,0,0,1,1007,0,0,0,1,5,7,3,1,2,2,0,0,14,2,1,12,10,0,8,12,0,3,1,0,0,0,1,4,0,2,28,0,4,0
1986,11,0,0,0,17,0,0,0,0,6,3,5,2,9,0,52,0,2,0,2,8,0,1,0,2,5,3,0,4,3,5,7,6,0,20,10,2,10,0,0,0,0,4,3,0,5,7,3,6,0
1986,12,0,13,3,13,2,3,0,0,5,5,5,2,4,0,0,0,1,0,2,41,1,2,0,10,3,0,0,0,0,3,29,9,1,3,8,2,4,1,0,0,0,3,2,2,15,14,0,3,0
1987,1,0,0,0,23,1,1,0,0,0,2,1,0,1,2,4,1,0,0,0,0,3,2,2,7,0,0,0,1,0,1,11,11,1,12,0,8,5,0,0,1,1,5,0,0,13,5,2,10,2
1987,2,2,0,1,8,7,0,0,0,1,2,10,1,0,0,2,0,2,0,1,2,6,0,0,3,0,0,0,0,1,0,12,11,0,7,9,1,5,0,0,0,2,7,1,1,7,4,10,8,0
1987,3,1,8,1,11,5,3,0,0,2,6,0,2,0,1,1,0,3,0,0,1,7,1,0,1,1,0,0,0,3,0,23,23,1,0,16,3,2,0,0,0,0,1,0,2,9,8,3,4,0
1987,4,0,0,0,22,5,3,0,0,1,3,1,1,1,0,0,0,4,0,0,0,5,4,0,2,1,0,0,0,0,2,17,6,0,6,2,1,1,0,0,1,2,8,0,0,3,5,1,2,0
1987,5,2,9,0,7,0,1,0,0,2,4,6,1,0,3,1,0,1,1,1,1,4,1,0,0,1,0,0,1,1,0,12,8,0,1,2,1,6,0,0,0,1,9,0,0,2,5,5,7,0
1987,6,1,6,1,17,3,0,0,0,6,0,8,5,0,2,2,0,2,0,3,1,3,1,0,5,0,0,0,0,1,4,9,6,2,8,11,0,1,1,0,0,4,19,0,0,3,6,3,11,3
1987,7,4,0,6,19,16,4,3,0,6,0,2,4,3,7,1,0,5,4,2,17,2,1,3,5,2,1,0,2,0,0,17,10,1,1,27,0,22,0,0,1,1,26,0,1,1,11,4,9,0
1987,8,5,0,1,29,8,2,1,0,3,13,9,1,9,16,1,0,13,10,8,13,11,1,0,1,1,0,0,13,3,1,7,18,2,16,40,41,32,0,0,0,4,14,1,0,6,19,4,28,0
1987,9,3,7,2,22,12,2,0,0,10,0,5,2,2,10,1,0,12,8,0,6,1,2,0,6,0,0,0,10,3,3,17,14,4,8,18,4,6,0,0,0,0,5,6,0,3,7,2,13,0
1987,10,4,0,0,29,4,10,0,0,10,0,8,1,1,14,2,1,5,3,5,8,4,0,1,2,0,0,0,10,3,0,13,10,1,13,22,11,9,2,0,0,4,3,0,0,2,16,4,4,0
1987,11,2,3,1,18,7,3,0,0,7,0,15,1,1,2,1,0,2,0,5,4,2,0,0,3,0,0,0,2,2,1,19,2,2,6,13,1,8,0,0,0,3,7,2,0,3,9,0,3,0
1987,12,1,8,2,10,16,2,0,0,5,20,26,2,20,1,1,0,7,7,1,100,5,4,0,11,2,0,0,39,8,1,27,4,3,49,12,13,8,2,8,1,1,7,5,0,6,15,0,5,0
1988,1,0,1,0,7,0,2,1,0,1,3,7,3,0,3,0,0,0,1,8,1,3,0,1,0,0,0,0,2,0,0,1,5,6,0,0,2,3,0,0,2,2,24,2,0,1,2,0,3,1
1988,2,0,0,0,21,2,3,1,0,0,0,43,0,5,4,0,0,1,10,2,14,4,1,1,2,0,0,1,14,2,0,4,10,0,2,0,0,2,0,0,0,3,24,0,0,1,7,0,5,0
1988,3,0,12,5,20,1,2,1,0,2,5,108,3,19,8,1,0,1,0,5,25,3,2,0,1,1,0,0,5,3,1,1,8,0,6,22,0,2,0,0,0,0,14,6,0,5,4,0,2,0
1988,4,2,5,0,22,4,1,0,0,3,6,70,0,14,0,1,0,0,0,4,36,3,2,0,2,0,0,0,1,2,0,2,4,0,8,2,1,1,1,0,0,1,13,13,1,2,13,0,3,0
1988,5,2,13,0,11,0,0,0,0,9,3,10,4,9,0,0,0,5,0,3,3,4,1,0,1,0,0,0,0,1,0,13,2,0,5,0,4,7,0,0,0,1,14,0,1,2,6,0,3,0
1988,6,1,15,0,15,6,0,0,0,6,0,10,6,3,0,1,0,2,0,0,8,0,6,0,0,0,0,0,7,0,6,12,7,1,4,0,0,7,1,0,0,0,14,1,0,5,10,3,10,0
1988,7,7,34,2,19,1,3,1,0,6,3,2,20,5,5,0,6,2,0,4,24,5,12,0,8,0,0,0,4,0,4,5,5,4,0,3,9,14,2,1,1,9,21,0,0,0,8,1,12,0
1988,8,15,60,4,31,0,4,2,1,7,10,12,13,2,0,2,0,5,0,9,18,5,13,2,1,0,0,0,0,3,25,23,9,0,0,12,5,16,5,0,2,5,13,0,1,3,20,3,10,0
1988,9,15,42,14,23,6,2,1,0,13,1,39,6,1,2,1,0,0,0,5,22,5,7,0,2,1,0,0,1,5,13,20,12,0,15,4,9,8,1,0,0,9,5,5,0,2,13,1,15,0
1988,10,10,79,1,51,10,2,0,0,4,4,19,12,11,8,0,0,1,2,2,17,1,0,0,5,0,0,0,13,4,3,18,4,0,9,19,16,4,5,0,0,4,8,1,1,0,21,0,10,1
1988,11,3,90,3,31,1,3,0,0,3,1,18,17,3,4,0,0,1,11,0,32,1,0,0,1,0,0,0,0,11,2,42,3,0,0,1,3,1,2,0,0,0,6,1,1,2,9,0,2,0
1988,12,7,141,15,19,44,0,0,0,18,4,32,13,10,1,0,3,3,0,1,11,4,58,0,2,2,0,1,0,1,0,101,2,0,11,8,4,1,0,0,0,1,2,15,0,6,18,2,3,0
1989,1,2,84,1,28,3,0,0,0,3,0,6,5,0,2,0,0,0,2,0,0,2,0,0,0,0,0,1,5,3,1,4,1,0,1,0,0,4,2,0,0,2,11,0,0,1,1,0,12,0
1989,2,2,47,0,12,7,0,0,0,1,1,1,8,1,4,1,0,0,2,1,0,2,0,1,1,0,0,0,0,0,0,8,9,0,0,2,0,2,0,0,0,6,8,1,1,1,3,1,5,0
1989,3,6,34,3,11,7,1,0,0,6,3,5,15,2,0,0,0,1,0,3,0,2,0,1,5,0,0,0,0,0,3,6,0,0,0,1,2,3,0,0,0,0,20,1,0,1,9,3,6,0
1989,4,4,25,5,6,0,1,0,0,11,1,18,3,5,1,0,1,3,0,1,0,12,0,0,4,0,0,0,0,0,0,5,3,0,0,5,2,2,0,0,1,6,12,3,1,1,10,5,6,0
1989,5,6,50,1,33,1,1,1,0,7,4,9,12,0,3,0,0,0,0,1,180,2,0,1,1,0,0,0,0,2,0,2,4,0,0,1,1,4,0,0,0,0,31,0,3,0,4,1,2,0
1989,6,5,45,1,14,4,6,0,0,3,1,1,18,0,1,0,0,0,0,3,10,3,7,1,9,10,0,0,0,2,2,7,1,0,0,4,0,12,0,0,0,1,47,1,1,2,8,1,7,0
1989,7,9,18,5,11,9,1,0,0,12,6,16,24,5,1,1,0,2,0,3,3,3,4,4,41,11,2,0,0,2,2,9,5,0,32,7,2,28,9,0,0,7,82,6,0,3,42,6,27,0
1989,8,15,30,2,55,10,3,0,0,17,10,8,19,5,2,1,0,7,5,14,23,4,9,0,35,8,2,0,0,3,14,10,17,2,12,21,0,29,0,0,0,14,61,1,0,15,47,3,42,0
1989,9,10,29,3,27,18,3,0,0,14,11,1,22,1,1,0,0,3,8,26,17,7,25,2,14,4,0,0,1,5,2,33,15,0,0,5,7,25,0,0,0,15,43,6,0,6,34,5,30,0
1989,10,12,9,6,21,24,2,0,2,3,4,1,28,0,1,1,0,3,8,15,22,5,3,0,8,4,1,0,10,1,6,31,11,1,0,7,2,9,0,0,1,7,29,1,0,3,21,7,25,0
1989,11,4,27,3,75,15,0,0,1,6,9,7,22,21,0,0,0,7,0,7,37,2,1,0,10,2,2,0,0,3,3,18,6,1,23,7,2,5,0,0,1,59,15,1,0,1,9,1,28,0
1989,12,5,2,5,43,12,7,0,0,12,5,2,22,47,0,8,34,12,2,8,15,4,22,0,13,4,2,0,14,2,0,47,7,1,79,6,0,4,10,33,1,2,7,5,5,3,13,3,21,0
1990,1,7,3,0,15,0,0,1,1,3,2,0,20,0,0,0,0,0,0,10,38,8,0,0,3,0,1,0,0,8,0,6,4,1,0,4,5,21,0,0,0,1,13,1,1,1,2,3,20,0
1990,2,1,2,0,8,30,3,0,0,1,5,2,24,2,1,1,0,0,0,8,17,4,0,0,5,0,0,2,6,1,2,110,1,0,15,1,0,13,0,0,0,1,2,0,1,3,6,2,11,0
1990,3,2,1,1,21,16,2,0,0,2,0,4,24,3,2,1,0,0,0,1,16,15,0,2,6,0,0,1,1,2,1,12,4,0,11,4,2,15,0,3,1,6,0,2,0,3,16,0,5,0
1990,4,8,3,0,9,2,4,0,4,4,3,4,24,7,0,1,0,0,1,0,13,5,0,0,6,0,0,0,3,2,1,95,4,0,22,5,7,7,0,0,0,0,7,2,3,1,7,3,8,0
1990,5,7,3,0,43,1,0,0,8,3,3,11,23,3,1,0,0,3,0,6,35,1,6,2,5,5,0,0,0,3,3,17,5,0,8,4,2,13,0,2,0,6,7,0,1,1,8,1,21,0
1990,6,16,14,1,51,8,1,1,1,4,0,10,24,19,2,0,0,5,1,11,36,3,1,1,6,18,1,0,2,2,1,14,13,0,24,4,5,29,2,0,0,4,14,5,0,4,19,0,20,0
1990,7,7,1,0,32,7,2,2,0,2,0,4,42,21,2,3,0,4,0,2,20,5,0,1,18,3,0,0,0,1,1,16,6,0,0,8,7,46,0,0,0,7,40,0,0,1,14,1,31,0
1990,8,5,20,6,39,12,3,5,0,13,11,1,81,9,7,4,0,5,4,10,24,19,14,0,15,0,3,0,24,9,5,19,2,1,38,3,14,23,0,0,0,2,30,0,0,1,29,4,28,0
1990,9,8,1,7,62,13,4,1,0,9,0,12,62,17,3,9,0,9,0,12,32,11,0,1,25,6,2,0,11,6,1,17,25,0,21,15,25,25,2,0,0,13,16,17,1,2,44,6,12,0
1990,10,2,0,6,74,4,6,1,0,11,8,4,15,17,0,3,0,2,6,2,21,3,16,1,17,3,0,0,4,1,1,16,7,1,59,9,21,8,2,0,0,3,9,4,0,1,51,8,24,0
1990,11,1,5,1,43,22,3,1,1,0,9,4,7,16,0,4,0,2,3,2,25,8,3,0,4,1,1,0,9,1,0,6,6,1,16,1,16,3,1,0,0,7,6,0,0,6,16,1,38,0
1990,12,1,24,16,70,16,3,0,0,7,9,3,8,33,2,1,21,7,4,33,89,5,14,0,6,0,3,0,8,1,2,14,1,1,32,16,19,7,3,9,1,3,14,9,1,1,15,3,5,1
1991,1,1,5,0,11,0,0,0,0,0,0,0,13,0,3,0,0,1,0,0,0,3,8,0,2,0,1,0,7,0,2,5,4,1,5,0,4,13,0,0,0,1,15,0,1,1,0,0,3,2
1991,2,2,2,0,35,19,0,0,0,1,3,9,8,6,1,0,0,0,0,0,11,10,4,0,12,0,1,0,1,2,4,18,2,0,16,3,2,2,0,0,0,3,23,10,0,1,12,5,5,0
1991,3,5,1,0,8,9,6,0,0,2,3,8,4,5,0,1,0,1,3,5,30,7,9,0,1,0,2,0,3,0,1,12,1,0,3,3,15,6,0,0,0,5,7,0,0,2,17,1,6,0
1991,4,2,0,0,9,9,1,0,0,2,0,1,6,2,1,5,0,0,1,1,23,0,1,0,5,0,0,0,0,4,2,5,0,0,31,4,7,2,0,0,0,0,21,0,2,1,18,0,2,0
1991,5,2,0,1,19,18,4,0,0,5,10,0,1,11,1,0,0,1,33,4,20,0,0,0,0,0,0,1,1,0,1,11,4,0,3,1,3,2,0,0,0,3,5,0,0,5,4,0,2,0
1991,6,4,0,2,32,3,2,0,0,7,5,2,11,10,2,0,0,1,7,4,14,2,3,1,5,0,1,0,0,1,0,10,4,0,4,0,6,8,0,9,1,2,17,4,0,0,14,0,13,0
1991,7,7,0,0,21,9,3,0,0,9,1,0,8,3,1,0,0,0,1,16,18,1,10,0,6,2,0,0,0,1,6,11,4,1,6,4,1,5,0,0,1,2,24,4,0,6,6,1,34,0
1991,8,10,0,1,38,20,6,0,0,11,11,3,11,11,4,0,0,3,3,16,18,2,14,3,12,0,2,0,0,3,7,9,6,0,12,8,15,7,0,1,0,7,9,6,1,2,23,2,41,0
1991,9,9,49,4,18,16,1,0,1,4,5,3,6,7,4,0,0,1,3,3,8,8,20,0,16,1,1,0,1,0,6,18,7,1,0,6,5,7,0,2,1,6,7,0,0,0,15,0,8,0
1991,10,4,5,2,25,17,0,0,0,4,4,1,2,9,3,5,0,3,3,0,11,4,6,0,3,1,1,0,0,0,7,16,2,1,12,10,4,11,0,1,0,6,5,14,0,2,21,0,2,0
1991,11,1,7,4,28,12,0,0,0,2,7,0,1,1,4,0,0,1,0,3,14,0,9,2,12,1,0,0,0,2,9,31,5,0,2,10,3,3,0,2,1,3,7,0,1,4,1,0,5,1
1991,12,2,8,3,15,16,2,0,1,12,7,2,3,1,2,1,0,2,0,9,40,0,12,0,9,1,0,0,4,2,2,31,2,0,12,0,3,0,0,0,0,0,3,7,0,0,18,0,2,0
1992,1,1,0,1,6,2,0,0,0,0,0,3,1,5,1,0,0,0,0,4,0,1,1,0,4,0,2,0,0,14,2,5,0,1,0,0,1,11,0,0,0,0,14,0,0,0,0,0,5,0
1992,2,0,0,1,29,2,0,0,0,2,0,1,4,0,0,0,0,0,1,1,8,0,1,0,4,0,0,0,4,1,5,10,4,1,2,5,3,2,0,6,1,0,16,2,0,2,7,0,4,0
1992,3,0,0,1,18,8,1,0,0,4,2,4,0,3,0,0,0,0,1,6,8,0,0,0,0,0,0,0,9,1,3,4,2,0,1,1,1,2,0,1,0,0,5,3,0,0,6,0,3,0
1992,4,1,0,1,15,7,3,0,0,3,2,5,0,1,0,0,0,0,0,0,3,0,11,0,2,0,0,1,2,0,3,1,7,3,7,0,3,6,0,0,0,5,11,0,0,2,17,2,0,0
1992,5,4,37,2,39,1,5,0,0,5,2,1,2,2,0,1,0,0,0,1,7,0,2,0,6,1,0,0,5,2,7,3,1,1,5,6,4,9,0,0,1,0,22,0,0,0,17,0,3,0
1992,6,2,11,0,45,3,5,0,0,2,2,3,5,1,0,0,0,0,1,0,9,2,3,1,8,0,0,0,2,1,9,1,0,1,8,1,2,9,0,0,2,0,24,10,2,0,11,0,10,0
1992,7,4,31,0,46,2,5,1,0,2,0,6,8,3,2,3,0,2,1,2,1,2,12,0,15,0,3,0,6,3,13,4,0,3,6,11,3,21,0,0,1,0,25,9,1,2,34,0,22,0
1992,8,1,15,3,73,2,11,5,1,9,6,16,9,6,0,6,1,4,3,3,17,3,3,2,25,2,2,1,3,4,15,10,8,3,13,3,7,24,0,2,2,0,23,0,3,4,44,5,85,0
1992,9,1,16,5,56,12,4,1,0,1,0,2,7,6,2,9,0,1,4,5,31,2,0,0,18,1,1,0,12,12,16,38,0,0,18,1,7,22,1,1,4,1,7,6,2,0,37,0,134,0
1992,10,2,4,1,82,37,3,0,0,4,0,0,9,12,2,5,0,2,0,8,12,2,0,0,15,3,2,0,6,12,23,22,13,1,31,0,9,13,1,0,3,2,4,3,1,0,19,2,132,0
1992,11,1,7,1,41,12,3,0,0,7,3,1,4,13,3,9,0,3,0,5,7,2,72,0,12,2,3,0,5,8,5,12,8,1,16,20,2,12,4,0,0,0,4,5,1,5,20,0,61,0
1992,12,3,11,1,71,23,10,1,0,18,11,4,5,12,1,1,13,6,2,12,340,2,36,0,11,0,1,0,138,2,2,63,0,0,12,4,5,17,0,0,3,2,6,7,22,3,29,0,31,0
1993,1,3,1,0,34,0,0,0,0,0,1,0,9,2,0,0,2,0,1,2,32,5,0,0,5,0,2,0,25,16,4,6,0,1,5,3,0,16,1,0,1,1,0,0,10,0,1,0,23,1
1993,2,1,1,0,35,11,2,0,0,2,6,1,2,4,0,3,5,0,0,5,26,0,0,1,5,0,2,0,1,8,5,19,0,0,32,4,1,14,0,2,0,0,0,0,9,1,1,1,25,0
1993,3,3,1,0,16,1,4,0,0,2,1,5,9,2,0,5,1,4,0,14,0,4,0,1,2,0,0,0,14,2,4,11,8,0,21,0,2,19,1,0,0,13,0,4,9,2,4,0,11,0
1993,4,2,4,1,41,9,2,0,0,5,0,1,16,4,1,1,1,0,2,7,15,5,20,2,4,0,0,0,5,0,1,14,3,1,10,3,2,13,1,3,0,6,0,0,9,3,2,1,14,0
1993,5,4,2,1,26,5,8,0,1,13,1,0,12,9,0,2,0,0,2,5,62,2,19,0,3,0,0,0,18,7,2,11,3,1,5,1,1,9,0,0,0,4,13,3,5,3,10,1,20,0
1993,6,7,2,0,42,24,17,0,1,9,2,7,21,5,0,0,2,1,1,10,0,1,4,1,9,0,1,0,29,3,3,14,10,0,25,1,4,34,0,0,0,10,0,0,2,4,3,0,17,0
1993,7,15,19,1,84,14,7,4,1,10,8,22,93,13,0,0,4,1,0,27,90,4,21,3,29,1,2,0,17,7,4,21,11,0,30,15,10,53,1,3,2,9,6,9,8,11,4,2,69,0
1993,8,10,10,4,79,12,2,2,2,23,9,24,120,18,12,3,11,0,3,21,1,12,41,2,23,1,1,1,3,10,7,40,9,1,69,22,8,107,3,0,4,11,3,9,9,14,10,3,57,0
1993,9,9,6,1,76,25,12,3,6,6,13,25,63,33,14,2,8,3,6,10,49,27,85,0,23,5,0,2,18,15,4,76,8,1,49,7,13,68,0,5,1,99,20,2,4,12,21,0,53,0
1993,10,4,4,2,110,50,13,0,2,11,9,8,45,31,8,0,2,3,0,16,68,37,80,0,22,1,5,1,14,9,2,78,72,0,133,16,22,33,0,52,0,11,0,3,20,8,6,0,37,0
1993,11,1,2,2,33,16,6,1,1,3,1,2,23,33,2,4,0,1,0,9,0,13,36,0,11,3,1,0,8,3,3,24,27,0,37,6,32,44,4,5,0,2,0,6,6,1,6,0,27,0
1993,12,6,18,6,43,20,29,1,0,20,5,6,21,24,1,4,2,1,5,7,65,6,87,1,8,0,0,1,16,5,4,59,48,0,107,8,11,7,3,3,0,17,79,9,31,16,23,0,23,1
1994,1,2,2,0,25,4,2,0,0,1,0,0,27,2,0,5,1,0,0,12,0,7,0,0,4,0,0,0,4,3,1,6,14,0,17,11,8,45,0,5,0,2,0,0,5,3,9,1,27,0
1994,2,3,3,0,65,10,0,0,1,6,5,14,4,9,0,1,2,1,2,15,19,3,0,2,2,0,1,0,9,4,1,20,12,0,32,8,9,18,2,0,0,11,3,2,2,6,15,0,13,0
1994,3,1,1,0,25,17,2,0,2,4,1,5,10,4,1,0,11,1,0,9,20,9,8,2,1,2,0,0,9,0,1,37,5,0,4,1,6,17,0,3,0,0,0,2,2,4,2,0,16,0
1994,4,0,4,1,37,19,3,0,0,8,1,2,4,15,2,0,1,2,0,11,36,1,8,0,4,0,2,0,9,2,2,25,8,2,6,0,14,10,0,0,0,0,4,1,5,0,4,1,4,0
1994,5,5,14,5,50,34,4,0,0,4,4,2,5,2,1,0,37,1,0,5,1,2,4,2,2,1,0,0,6,0,2,10,5,1,5,0,4,20,1,0,0,0,0,5,7,2,6,0,6,0
1994,6,3,19,4,63,28,6,0,1,6,2,0,4,3,2,0,1,0,0,2,13,1,19,2,2,0,1,2,2,0,2,16,0,0,6,0,2,5,0,2,0,3,9,2,6,0,10,0,15,0
1994,7,6,16,2,69,31,1,1,0,11,7,1,13,4,0,1,1,4,0,3,36,3,0,3,9,0,1,0,4,1,7,10,8,1,26,1,18,5,2,0,1,2,8,1,1,2,10,0,22,0
1994,8,8,36,6,42,18,1,1,1,15,3,18,13,7,0,3,2,0,1,0,1,7,12,1,5,1,2,0,5,2,3,38,6,0,10,1,8,20,0,2,5,0,31,4,3,10,19,1,16,0
1994,9,3,2,4,51,23,4,0,2,6,1,2,7,1,3,0,2,1,9,1,28,10,0,0,4,2,1,0,17,0,1,22,0,0,0,0,17,31,0,0,8,0,0,6,6,2,11,1,10,0
1994,10,0,4,5,103,13,9,1,1,16,0,3,9,8,9,2,1,0,6,8,96,35,34,0,6,2,1,1,3,2,1,17,0,0,27,4,5,10,0,1,3,4,62,7,3,7,13,0,9,0
1994,11,3,10,0,30,21,3,0,0,11,6,30,3,8,1,1,1,0,0,2,2,12,2,0,3,2,0,0,13,1,9,22,21,1,13,1,8,11,1,0,3,0,4,5,2,0,7,0,5,0
1994,12,1,11,6,34,10,9,0,3,21,7,95,12,34,4,5,0,5,3,6,282,6,55,0,3,2,5,0,26,0,5,31,61,0,16,11,7,10,2,1,6,0,39,2,4,1,34,2,6,0
1995,1,1,42,0,17,15,0,1,1,0,0,33,0,0,1,5,0,0,5,0,3,2,0,0,1,1,0,0,0,2,3,3,30,0,14,0,0,0,0,0,0,0,0,0,2,0,0,0,8,0
1995,2,8,9,0,31,16,3,0,0,1,0,18,0,3,0,1,0,0,0,0,23,18,0,0,5,1,1,1,5,1,1,16,0,1,9,0,2,2,0,7,2,0,8,0,0,0,11,0,3,0
1995,3,4,31,0,38,2,1,2,0,0,0,4,0,4,0,1,1,1,4,0,37,3,0,0,0,1,2,0,0,3,3,11,16,4,6,0,1,7,0,0,2,2,6,2,0,0,3,0,8,0
1995,4,6,9,3,23,0,2,2,1,5,0,11,0,0,0,3,0,0,4,8,50,2,22,0,6,0,0,0,3,0,11,15,3,0,3,2,11,3,0,3,2,2,14,3,1,7,9,0,15,0
1995,5,1,15,4,15,2,1,0,0,2,0,5,26,1,0,0,4,2,2,4,4,5,5,0,5,0,0,1,5,0,10,14,1,0,5,7,2,7,0,0,1,0,10,5,2,0,7,0,6,0
1995,6,5,8,2,25,11,3,1,0,4,0,3,4,7,1,0,2,1,2,4,21,1,0,0,3,0,2,9,2,0,11,4,5,1,9,0,1,13,0,3,0,3,10,0,7,1,11,0,13,1
1995,7,5,21,13,89,9,0,2,2,5,11,8,8,3,3,9,3,6,1,3,31,2,0,0,14,0,2,11,8,5,20,8,18,0,6,8,4,10,1,2,0,43,44,6,24,2,37,0,14,0
1995,8,2,14,7,38,9,3,1,0,3,2,3,16,0,1,0,5,1,1,7,47,18,15,1,5,0,1,25,0,3,10,22,8,0,30,2,9,21,0,1,1,100,42,2,12,0,35,0,10,0
1995,9,3,4,4,66,14,10,1,1,36,6,4,27,8,1,2,3,5,8,7,89,8,44,1,11,0,1,10,10,2,17,29,29,2,28,9,10,27,1,4,3,55,38,1,14,5,99,0,19,0
1995,10,0,0,3,47,7,3,0,1,18,3,10,11,23,3,0,6,2,13,6,7,3,39,0,5,0,1,2,11,1,21,39,0,0,17,3,10,3,2,5,0,1,18,8,5,4,54,0,31,0
1995,11,0,0,3,26,19,2,0,0,10,3,5,18,6,1,1,1,1,3,6,81,35,0,0,6,6,3,5,1,1,25,34,0,0,24,0,9,16,0,2,1,1,9,0,5,12,37,0,0,0
1995,12,3,11,20,116,45,6,0,2,10,5,12,45,21,0,1,2,3,4,4,99,6,113,1,2,0,1,55,25,2,16,58,27,0,24,13,8,20,3,1,0,2,18,10,9,0,188,1,31,0
1996,1,1,0,0,0,4,0,0,0,0,1,0,2,0,0,0,5,0,1,4,7,4,0,0,2,0,0,9,1,1,7,3,0,0,14,0,8,0,0,0,0,1,0,0,2,0,1,0,10,0
1996,2,0,3,1,27,0,0,0,0,2,0,0,3,3,0,0,0,1,1,14,56,1,1,1,1,2,1,4,5,1,3,21,0,0,17,0,3,2,0,0,0,0,2,1,4,0,5,0,12,0
1996,3,0,0,0,54,8,3,7,0,6,1,32,40,6,2,1,18,1,5,8,84,4,0,1,1,2,0,7,7,1,9,13,0,0,15,1,3,13,0,0,0,4,13,0,0,0,21,0,10,0
1996,4,0,2,0,33,11,0,2,0,6,0,1,3,1,0,3,86,0,2,13,8,2,27,1,5,0,0,1,3,1,6,4,9,0,7,3,3,6,0,1,1,1,10,2,1,3,35,2,10,0
1996,5,2,6,1,64,3,0,2,0,4,5,23,5,2,0,0,1,2,0,13,45,0,10,0,2,1,1,2,0,0,2,8,15,0,13,0,9,4,0,0,0,5,7,2,0,2,67,0,15,0
1996,6,1,1,0,52,13,0,2,0,15,2,4,7,3,1,1,18,0,0,11,186,10,5,2,4,2,0,2,3,3,4,11,10,0,10,1,7,10,0,5,1,1,17,0,3,15,53,0,17,1
1996,7,4,0,0,94,20,2,1,0,5,4,5,4,4,0,1,1,2,9,15,17,5,12,1,0,5,1,3,21,0,3,11,0,1,17,2,1,10,0,11,0,3,10,5,3,6,32,0,14,1
1996,8,4,4,1,106,32,16,3,0,20,4,27,29,12,5,2,5,1,6,49,208,3,72,1,5,6,2,0,29,9,6,46,38,0,65,1,8,36,13,3,1,0,17,0,29,14,82,0,35,1
1996,9,6,8,2,105,39,6,4,0,14,2,8,37,12,5,5,1,1,11,35,43,3,69,0,10,9,1,2,12,6,10,57,4,0,33,0,11,13,12,10,1,3,12,3,37,16,165,0,14,1
1996,10,5,4,2,65,32,2,1,1,6,0,0,15,13,4,0,1,1,3,27,99,6,55,2,3,6,1,1,27,6,11,56,21,0,41,3,3,24,5,8,0,2,21,5,35,20,78,0,15,2
1996,11,1,4,1,80,66,6,2,2,6,0,1,11,25,2,0,4,0,11,60,377,14,52,0,9,2,2,10,45,3,1,120,0,0,34,8,4,31,2,6,0,1,0,3,94,22,121,4,12,2
1996,12,2,1,6,100,108,14,2,1,16,16,14,36,47,13,1,2,6,6,29,115,7,130,1,32,2,6,0,44,0,2,183,89,0,23,2,4,178,8,5,0,3,42,5,72,10,170,1,5,0
1997,1,2,4,8,20,4,2,0,0,0,4,14,30,19,85,0,8,1,1,1,8,2,178,0,6,0,3,0,14,0,6,0,0,1,1,9,0,23,2,2,0,2,63,2,6,0,69,0,0,0
1997,2,5,0,2,41,27,1,0,2,1,0,12,5,2,3,4,4,1,0,20,48,11,18,2,0,0,1,0,11,3,2,12,9,1,19,0,2,8,7,2,0,4,6,0,39,4,23,3,22,1
1997,3,1,5,0,32,29,3,0,0,5,2,50,10,7,1,6,5,4,2,22,57,5,17,2,8,2,0,2,12,2,3,25,9,0,10,1,0,22,4,1,0,5,7,1,38,10,51,0,16,0
1997,4,2,0,0,22,30,1,0,0,22,0,157,7,10,1,4,1,2,0,10,40,3,24,0,6,0,0,1,9,3,1,24,16,0,8,4,4,16,1,4,0,3,7,0,26,3,42,0,13,0
1997,5,3,1,1,25,39,3,0,0,2,4,111,3,3,0,1,0,0,0,9,38,2,17,0,7,3,0,4,9,2,19,13,6,0,10,3,14,19,0,1,0,0,22,3,16,2,42,1,6,1
1997,6,0,5,3,66,41,3,0,0,7,0,34,6,7,1,0,3,4,0,8,36,3,22,1,4,3,1,2,4,0,1,4,28,0,9,1,1,7,0,2,2,8,14,0,11,6,23,0,15,0
1997,7,3,8,3,47,26,0,0,1,12,2,25,8,6,1,1,7,1,0,4,33,0,21,0,8,1,1,0,8,0,7,8,12,0,14,8,0,5,0,0,0,5,26,6,8,7,30,1,20,1
1997,8,4,7,6,44,35,4,1,0,7,0,23,8,3,3,2,20,1,1,13,38,15,23,3,11,6,1,4,15,0,30,21,5,0,17,7,5,18,0,8,0,2,26,3,7,2,39,1,34,1
1997,9,2,1,6,43,31,4,0,0,13,3,3,12,7,17,1,9,4,2,6,32,2,59,1,11,0,0,2,16,1,10,14,14,0,19,4,9,18,0,4,1,5,14,1,6,8,37,0,20,1
1997,10,4,4,18,31,29,7,0,0,2,2,16,7,5,17,2,7,1,5,5,35,3,20,0,4,1,2,5,12,1,9,7,10,0,16,3,3,14,4,2,0,2,19,3,11,0,34,0,13,0
1997,11,5,1,13,44,57,0,0,0,5,0,21,29,19,51,5,5,1,6,5,95,7,60,1,7,2,3,3,15,1,36,25,9,0,12,20,8,19,0,4,1,2,9,8,35,10,48,0,32,0
1997,12,3,9,2,68,67,8,0,0,14,1,104,30,16,27,7,5,1,9,16,122,18,88,1,8,0,4,28,25,1,74,61,0,0,30,0,2,28,1,2,1,2,20,2,80,7,43,0,28,2
1998,1,6,0,0,21,10,0,0,0,0,0,31,0,0,4,2,3,0,1,5,35,8,2,0,0,1,1,1,5,2,30,23,21,0,16,0,6,0,0,0,0,2,2,2,13,0,2,0,8,0
1998,2,1,3,3,22,5,3,0,0,8,0,34,0,4,6,0,3,0,3,2,47,2,21,0,4,0,0,1,7,2,8,27,4,0,13,2,1,9,0,5,0,1,8,0,6,0,27,0,18,0
1998,3,0,11,1,31,23,2,0,0,3,0,11,6,30,5,3,7,0,0,8,71,3,16,0,5,0,1,2,5,2,9,29,9,0,5,6,3,19,0,1,2,1,23,2,6,0,35,1,7,0
1998,4,1,9,5,38,14,0,0,1,3,0,18,4,6,1,0,4,0,1,2,38,4,16,1,0,0,1,4,4,1,2,18,6,0,15,0,4,29,0,3,2,3,19,8,0,6,17,0,11,7
1998,5,3,38,4,27,24,1,1,0,6,2,38,4,8,15,2,1,0,0,4,78,6,23,1,2,0,2,5,0,1,8,23,2,0,13,7,7,56,3,4,0,7,26,2,5,0,42,0,8,0
1998,6,1,8,2,119,39,7,0,0,1,4,28,10,5,12,2,2,1,0,5,70,9,22,0,2,0,1,5,13,0,7,18,2,0,9,0,8,12,0,2,0,3,36,9,8,0,16,0,19,0
1998,7,5,56,9,81,23,12,1,0,6,0,5,6,15,3,2,6,1,0,1,69,7,30,0,3,2,1,1,5,1,5,19,6,3,8,5,7,10,2,2,2,1,36,6,9,1,14,0,29,0
1998,8,3,15,18,141,34,6,1,0,7,4,3,17,3,11,11,10,1,0,5,88,6,38,2,6,2,3,13,12,2,7,49,24,0,90,0,21,18,2,5,2,8,18,17,12,2,68,0,31,1
1998,9,3,23,16,101,14,5,0,0,9,11,30,19,27,2,47,3,3,0,17,64,5,33,0,6,4,4,3,25,4,4,30,7,0,22,2,13,35,2,2,0,4,38,74,7,10,17,0,19,0
1998,10,1,28,17,216,46,3,2,0,3,3,14,35,31,5,9,10,2,0,6,85,9,75,0,4,0,1,6,19,9,7,48,9,0,55,9,11,0,0,1,0,3,10,41,2,11,37,0,13,0
1998,11,2,0,6,145,48,6,0,0,4,3,15,19,34,4,23,20,1,0,6,68,7,44,2,3,3,1,0,18,1,7,24,8,1,18,1,5,20,0,2,0,3,11,90,5,6,33,3,13,0
1998,12,1,50,12,143,77,9,0,0,16,11,36,53,22,10,4,26,4,0,5,92,5,119,0,24,5,5,0,36,4,6,44,14,42,35,1,3,52,12,2,0,4,61,46,7,20,99,3,15,0
1999,1,4,5,2,72,22,0,0,0,0,0,31,3,0,4,2,2,1,0,12,40,2,0,0,5,0,0,1,1,2,5,2,10,0,36,0,6,0,0,1,1,3,5,8,5,1,2,0,3,1
1999,2,1,10,0,58,19,0,0,0,0,0,36,4,4,1,4,3,1,0,8,26,8,0,0,5,0,1,0,13,0,2,20,9,0,14,3,0,8,0,2,0,3,10,9,4,6,9,0,8,0
1999,3,1,24,1,97,27,4,0,0,5,5,16,13,4,3,6,6,0,0,5,23,3,0,1,1,1,0,1,4,3,2,107,6,0,33,0,0,22,2,2,1,7,9,4,0,0,162,0,6,0
1999,4,2,2,1,64,18,1,0,0,1,1,4,7,0,5,0,1,0,0,8,36,4,0,2,1,0,0,0,3,2,2,223,0,0,9,0,5,5,1,1,0,8,15,4,0,5,201,1,4,1
1999,5,4,5,1,83,20,4,0,0,11,6,4,12,2,2,2,0,1,0,4,45,1,18,0,5,0,0,0,31,4,6,104,5,0,6,5,6,4,0,1,0,4,9,4,0,1,64,0,7,0
1999,6,1,14,1,110,20,0,0,0,6,4,3,8,4,5,5,0,1,0,7,43,2,7,0,5,1,1,0,1,2,10,36,8,0,9,0,2,12,5,1,2,1,9,2,4,0,60,0,5,0
1999,7,1,0,5,86,20,3,0,0,7,4,12,14,15,5,4,5,1,0,18,59,6,14,0,17,0,0,1,3,0,20,27,18,0,22,5,4,19,9,0,1,1,18,9,17,0,23,0,20,0
1999,8,3,1,5,98,32,0,4,0,28,5,9,6,17,8,23,3,4,0,22,46,6,40,0,7,0,1,1,16,1,17,10,10,4,20,0,3,7,3,6,0,2,20,9,7,4,18,1,11,0
1999,9,2,8,3,131,26,3,0,0,7,8,16,0,8,13,3,2,0,0,18,54,9,54,0,11,0,1,1,6,0,13,51,20,0,7,19,14,20,4,1,0,5,11,5,13,0,31,0,14,0
1999,10,2,28,5,152,43,8,1,0,12,4,7,17,8,9,3,4,0,0,8,84,10,55,0,10,0,2,3,3,1,26,32,3,0,28,1,7,17,9,0,0,2,18,2,8,12,53,1,20,0
1999,11,0,12,0,85,22,8,0,1,3,3,6,6,9,29,4,4,0,0,6,100,12,0,0,4,0,3,2,10,2,34,85,4,14,11,7,9,45,0,2,1,4,13,1,10,21,7,0,13,0
1999,12,0,30,2,108,44,4,3,0,33,12,2,50,19,27,0,19,0,33,8,93,11,93,0,4,0,0,4,25,2,18,323,11,13,127,3,5,60,16,10,2,5,15,1,28,15,109,3,6,0
2000,1,2,0,1,27,46,0,0,0,0,0,1,2,0,3,2,13,0,0,5,62,4,0,1,1,0,0,1,8,0,11,10,4,0,72,0,4,0,0,8,1,1,0,2,22,1,0,0,9,0
2000,2,2,9,2,46,35,1,0,0,2,0,22,3,3,3,2,5,1,7,8,67,1,6,1,1,1,0,1,21,0,11,27,11,0,30,0,8,10,2,1,0,1,2,2,19,0,13,0,20,0
2000,3,3,2,2,38,30,3,1,0,2,9,9,7,5,0,1,3,1,0,3,79,1,3,1,3,0,2,1,16,0,14,30,13,1,6,1,5,16,3,3,0,0,9,0,11,4,26,0,7,0
2000,4,1,12,1,54,45,11,0,0,9,4,3,5,4,2,2,4,2,2,19,67,7,22,0,3,5,0,0,7,0,8,18,1,0,23,1,9,29,1,3,0,3,39,2,30,5,50,0,7,0
2000,5,0,8,4,57,32,8,3,0,9,6,4,5,10,0,6,0,2,3,7,88,6,15,0,6,1,1,1,2,0,10,10,10,0,24,7,12,13,1,1,0,2,10,3,22,5,27,0,7,0
2000,6,1,3,2,62,19,6,0,1,7,1,2,1,5,9,4,3,1,2,5,108,12,13,0,10,1,0,2,8,0,6,29,10,0,6,0,8,6,1,1,2,4,35,1,44,5,69,0,7,1
2000,7,3,7,2,81,31,4,2,1,13,1,1,8,11,9,7,7,5,0,21,131,15,29,0,9,4,1,3,12,6,13,16,2,0,31,0,20,14,3,3,0,9,20,2,13,13,18,1,21,1
2000,8,4,5,15,64,20,4,2,1,4,4,3,17,14,4,2,9,2,16,9,107,8,71,0,5,12,4,0,5,24,3,33,18,1,30,0,19,30,3,3,0,5,43,3,7,11,30,0,7,1
2000,9,1,16,4,42,85,3,0,0,8,9,9,28,26,15,6,2,4,5,15,162,7,82,0,20,11,13,2,7,0,4,58,8,4,41,7,11,48,0,1,1,4,71,1,18,27,56,0,16,1
2000,10,0,1,1,40,41,2,0,0,1,2,3,21,8,1,4,6,1,6,18,170,19,43,0,16,0,3,1,16,0,3,56,17,0,25,5,8,14,2,2,3,2,14,2,23,26,51,0,9,0
2000,11,1,10,1,53,50,3,0,0,4,2,2,14,21,7,4,3,0,4,3,219,30,47,0,10,0,3,3,15,0,2,33,14,0,21,26,2,31,3,5,0,1,4,6,20,9,51,0,9,0
2000,12,2,70,9,67,54,9,1,0,8,14,5,22,46,14,2,8,2,1,20,151,17,244,1,13,0,1,0,42,26,6,65,21,3,80,13,4,77,9,32,4,13,80,23,25,28,67,2,21,0
2001,1,1,50,1,69,51,0,0,0,0,0,4,0,0,2,5,1,0,0,4,54,3,0,1,9,0,0,0,0,0,1,15,1,0,24,0,3,1,0,3,1,2,0,0,12,0,1,0,14,0
2001,2,1,110,1,39,51,4,0,0,0,2,45,6,1,3,3,5,0,0,6,30,8,0,2,6,0,0,0,2,0,7,16,9,0,45,1,1,3,0,1,1,9,0,4,5,0,7,0,4,0
2001,3,1,106,4,46,28,2,0,0,2,3,97,4,4,2,2,3,1,0,0,27,6,0,0,6,3,1,1,3,2,24,29,13,0,31,1,2,15,0,3,0,0,47,5,5,6,18,1,3,0
2001,4,3,89,1,33,9,1,0,1,5,1,10,8,6,3,0,2,0,0,0,25,1,17,0,13,2,1,4,0,0,3,12,2,0,15,0,7,10,1,7,1,3,31,3,0,2,3,0,8,0
2001,5,2,98,0,61,11,2,0,0,1,3,1,8,8,0,3,0,3,0,3,17,2,0,0,6,1,0,3,0,0,4,14,8,0,10,1,3,7,0,4,0,1,23,5,0,2,10,0,13,0
2001,6,5,8,4,64,13,5,0,0,2,5,6,8,1,5,1,2,0,0,5,34,7,14,0,11,3,0,3,5,6,9,10,7,0,30,6,10,0,1,3,0,3,103,9,1,2,27,0,10,0
2001,7,5,0,1,35,13,0,0,0,5,3,2,9,7,1,0,3,0,0,2,22,4,0,0,13,5,2,0,4,0,7,9,6,0,32,0,7,20,0,1,0,11,35,19,1,1,16,0,45,0
2001,8,7,5,1,52,38,3,0,0,1,0,1,4,19,0,1,3,1,0,3,26,10,16,1,7,6,0,0,0,5,28,7,2,0,27,3,5,20,3,3,0,6,39,13,1,14,15,1,42,1
2001,9,6,23,3,81,37,0,0,0,2,3,2,21,17,2,4,17,1,5,10,37,57,23,0,9,10,0,3,1,0,34,2,8,0,32,6,7,9,0,6,0,18,54,10,2,8,28,0,25,0
2001,10,4,7,63,48,17,0,0,0,4,0,2,10,15,16,2,9,2,16,2,53,31,35,0,9,0,1,2,1,5,10,11,7,4,7,8,2,17,0,0,1,3,48,6,6,0,9,0,12,0
2001,11,1,11,89,24,37,1,0,0,1,2,0,13,1,34,6,35,1,1,7,93,6,41,1,5,6,2,13,11,0,2,6,6,1,32,2,5,19,0,0,0,2,30,2,5,5,23,2,11,0
2001,12,1,183,690,154,84,6,0,0,6,1,1,103,37,71,4,16,3,0,11,119,14,162,0,13,18,1,12,4,5,8,44,6,6,42,15,5,77,4,3,1,12,205,2,75,232,27,2,12,0
2002,1,1,0,32,21,26,5,1,0,2,0,4,7,0,4,6,5,0,3,3,63,4,0,6,11,1,0,1,0,0,8,4,7,0,18,1,11,1,0,2,0,2,2,1,13,0,0,0,12,1
2002,2,0,9,75,54,28,0,0,0,0,3,2,4,5,19,5,2,1,0,5,48,7,10,1,13,1,2,1,1,0,6,27,2,0,38,1,0,4,0,12,2,9,40,5,6,15,19,0,6,1
2002,3,3,3,55,78,32,0,0,0,7,2,16,13,9,7,4,5,1,0,6,42,8,36,0,12,0,0,1,0,0,8,32,2,0,58,10,3,16,0,6,3,17,67,3,14,16,60,1,5,2
2002,4,4,57,108,52,30,2,0,1,3,2,4,13,1,21,4,3,2,0,3,27,7,21,0,5,0,1,4,2,0,5,10,2,5,19,0,6,5,0,3,0,1,45,3,5,31,31,2,6,1
2002,5,5,4,81,83,35,2,1,0,3,5,9,7,3,30,0,2,0,0,5,24,6,3,0,7,0,0,2,1,0,6,5,2,0,29,15,26,11,1,1,0,2,76,4,4,7,19,1,18,0
2002,6,5,17,58,134,21,7,0,0,4,1,11,17,4,11,7,17,1,0,6,30,1,22,0,6,0,0,9,3,0,32,23,5,0,42,7,39,4,0,2,0,9,134,10,16,19,114,3,37,2
2002,7,5,7,26,85,26,6,0,0,5,5,0,32,2,9,5,18,0,2,0,37,1,25,0,15,1,0,3,1,0,41,17,0,0,39,0,32,8,3,2,0,12,138,3,14,6,38,10,22,2
2002,8,4,11,23,99,56,4,0,0,9,4,6,10,37,6,8,21,2,0,21,50,4,81,1,18,1,3,16,1,0,22,37,8,0,56,0,34,18,6,2,0,10,299,29,19,13,54,9,15,1
2002,9,3,1,12,143,29,1,0,0,11,2,4,8,30,1,5,8,0,7,6,58,3,43,0,18,1,1,7,2,0,28,60,8,0,40,1,11,17,3,6,1,14,56,4,10,10,29,4,3,0
2002,10,2,0,13,110,47,0,1,1,2,1,6,31,13,1,8,6,0,0,4,68,6,78,1,19,0,1,2,7,0,16,69,2,0,31,0,6,33,0,5,0,19,98,27,19,7,17,1,6,1
2002,11,1,160,5,121,83,2,0,0,3,2,65,18,25,17,7,7,0,5,2,100,13,22,0,12,1,0,1,2,2,14,43,5,2,36,0,3,22,0,3,0,15,41,10,24,9,40,0,28,0
2002,12,4,448,0,140,52,1,1,0,4,2,24,71,54,31,4,9,0,4,7,55,2,88,0,11,4,1,1,58,32,14,115,3,2,35,100,17,55,9,4,2,14,244,16,28,35,154,4,22,0
2003,1,4,13,0,185,25,7,0,0,4,3,1,1,0,1,4,2,0,0,9,54,2,0,0,7,0,0,2,0,10,6,9,12,0,22,0,19,6,0,0,0,0,0,4,14,0,0,0,9,0
2003,2,3,22,1,118,38,2,0,0,4,2,5,1,3,5,1,1,1,0,3,26,4,3,2,4,0,0,3,4,13,7,27,16,0,30,2,24,16,0,1,1,7,12,7,3,1,17,0,6,0
2003,3,1,8,3,142,27,4,1,0,10,1,2,6,4,25,2,1,3,0,4,39,5,24,0,2,0,1,0,6,11,5,31,17,1,9,2,24,26,0,4,1,5,55,9,1,27,66,1,14,59
2003,4,0,28,1,112,29,2,0,0,3,5,1,7,11,2,1,4,0,1,0,31,3,6,2,9,0,0,2,4,10,0,12,9,0,13,0,48,12,1,1,0,7,24,5,5,5,40,0,7,58
2003,5,2,12,4,124,51,1,0,0,9,6,0,3,7,0,14,7,0,1,11,60,4,0,1,5,0,1,8,1,13,5,21,8,1,16,10,80,23,4,3,0,5,42,18,6,0,66,3,22,2
2003,6,2,12,2,89,17,0,1,0,8,1,20,2,3,6,2,3,2,2,8,61,6,23,2,4,1,0,3,6,8,8,33,9,0,20,4,42,12,2,6,0,13,67,7,0,25,75,1,20,0
2003,7,3,3,12,40,15,4,3,0,5,2,11,12,5,7,2,2,1,5,6,78,20,3,1,12,0,3,2,5,11,5,41,8,1,22,19,56,10,0,25,1,9,47,7,15,2,88,1,49,0
2003,8,0,18,15,77,33,9,2,0,32,5,20,17,10,15,3,17,1,3,17,160,28,0,1,14,1,1,6,30,14,15,66,8,0,28,15,53,48,5,40,0,7,69,18,6,17,84,0,56,4
2003,9,1,2,2,40,18,14,0,1,17,3,3,18,6,22,0,4,1,0,8,134,13,61,0,6,3,1,1,18,17,2,74,12,3,32,13,36,32,4,14,0,6,116,20,6,7,99,8,47,0
2003,10,2,0,3,54,29,11,0,1,7,1,6,1,6,34,4,3,1,0,8,249,14,21,4,6,0,1,7,8,27,9,75,10,0,37,7,20,35,0,19,0,4,83,18,4,3,98,2,95,1
2003,11,0,63,1,76,66,14,2,1,3,1,5,22,11,29,8,1,0,0,9,483,20,0,1,14,0,5,1,9,35,6,206,9,1,43,15,26,48,4,67,2,6,47,8,3,4,74,8,235,2
2003,12,1,30,48,198,24,9,0,1,11,6,8,231,38,20,5,8,1,79,11,295,21,66,1,125,0,3,0,28,19,10,472,26,0,56,19,10,84,35,28,2,14,108,6,8,128,137,4,137,4
2004,1,1,2,2,7,35,6,0,4,8,0,6,48,0,15,4,1,2,0,15,174,10,1,4,31,4,0,1,3,20,8,98,5,0,50,1,9,53,0,3,0,5,0,4,8,5,5,0,56,2
2004,2,2,11,5,32,42,5,0,0,4,3,7,18,6,9,2,1,0,0,12,87,10,8,1,6,0,0,0,3,10,10,130,17,1,36,0,13,22,0,2,0,8,0,13,4,7,37,0,63,0
2004,3,1,33,1,39,48,2,0,0,1,2,0,13,3,5,4,1,0,0,4,62,8,6,0,15,0,0,0,4,7,22,166,8,2,25,5,44,21,7,8,1,2,43,2,7,16,33,2,49,0
2004,4,0,10,3,62,56,1,0,1,7,3,1,31,12,3,0,3,1,0,5,106,5,14,0,27,0,0,2,10,16,12,138,7,2,28,4,65,16,2,12,6,0,33,3,7,13,42,0,102,1
2004,5,3,28,3,87,57,5,0,1,14,4,3,93,16,7,2,3,4,3,15,106,9,12,2,68,8,4,7,1,16,12,163,6,3,39,3,77,23,0,7,3,15,57,8,14,18,60,2,312,0
2004,6,5,23,6,74,34,6,0,0,16,3,1,125,3,6,9,2,3,0,7,134,18,31,3,48,2,1,0,4,16,11,156,6,8,39,4,32,28,7,18,1,9,110,5,0,22,92,1,424,0
2004,7,1,27,10,48,53,4,0,0,11,0,2,150,12,4,12,9,1,1,12,137,13,38,0,23,4,3,0,4,18,22,183,15,240,63,0,33,42,0,20,0,44,59,9,6,20,99,0,540,8
2004,8,10,16,18,115,128,14,0,1,22,2,4,218,13,46,12,25,2,1,15,204,58,47,3,44,13,3,2,11,27,24,301,15,339,98,0,41,75,0,12,11,49,95,60,11,6,72,11,768,4
2004,9,4,19,10,104,107,7,1,0,10,2,6,285,38,46,31,10,0,2,14,163,56,74,1,20,7,12,4,15,19,7,191,14,74,55,16,31,54,6,8,5,9,106,29,4,45,96,2,1041,11
2004,10,4,25,12,48,120,3,1,0,18,0,4,181,67,118,28,2,1,1,21,159,56,72,2,21,7,19,22,16,14,9,163,5,22,52,0,45,49,9,28,22,1,159,25,4,18,66,3,990,2
2004,11,11,16,9,84,258,9,4,2,14,5,8,206,72,268,54,13,5,39,25,233,38,135,0,118,13,24,4,23,34,14,110,6,30,94,5,124,78,9,32,94,11,90,42,57,26,111,5,851,6
2004,12,7,68,16,409,246,5,10,4,7,4,24,186,122,539,92,28,4,149,14,133,22,930,1,174,26,31,11,40,26,7,170,7,36,187,82,113,99,13,56,26,20,432,76,58,204,129,25,445,1
2005,1,12,11,2,46,224,13,10,0,10,5,22,126,3,186,55,11,3,6,37,114,29,31,12,65,108,38,4,0,26,25,47,0,16,265,0,131,110,0,51,32,13,18,14,10,3,19,3,159,5
2005,2,7,34,11,45,123,5,0,0,12,1,19,69,38,58,19,10,2,2,15,88,13,62,2,41,60,26,6,0,19,24,54,19,3,147,0,58,68,0,36,13,21,45,48,29,24,29,12,95,1
2005,3,5,30,21,45,106,8,1,0,17,6,21,59,41,23,21,10,7,6,17,67,35,0,6,16,52,10,3,0,13,16,44,2,7,103,0,41,32,5,42,17,13,62,33,2,16,54,3,66,1
2005,4,5,80,38,63,89,1,2,3,14,1,5,63,31,26,12,14,1,1,16,37,23,7,4,23,51,13,5,0,12,29,29,0,37,71,0,33,29,0,36,15,14,123,35,1,20,31,5,47,3
2005,5,8,246,45,220,101,5,0,1,16,6,24,73,29,47,14,16,7,0,17,65,8,63,5,34,106,23,9,18,16,10,49,6,3,55,0,119,34,3,21,13,34,401,44,4,15,81,3,109,5
2005,6,0,146,45,168,71,5,0,0,15,7,10,64,4,35,18,10,8,0,17,80,9,176,5,34,32,31,5,9,8,16,36,14,0,31,0,94,23,3,37,22,37,249,29,13,47,92,4,90,6
2005,7,12,122,20,159,89,3,1,0,26,6,29,54,28,50,19,24,7,5,11,91,18,153,7,46,57,30,4,10,17,12,31,23,11,67,0,59,28,1,23,19,25,171,43,7,113,140,2,93,4
2005,8,12,57,41,264,101,8,0,3,18,5,25,81,28,98,77,21,7,10,18,133,46,376,4,53,50,31,4,8,17,9,51,0,0,71,1,39,43,9,41,19,15,264,100,5,26,129,5,87,9
2005,9,7,80,21,298,100,3,1,0,35,4,19,80,39,149,74,10,2,9,12,107,62,66,2,37,32,26,3,7,12,8,55,13,29,76,0,22,48,8,27,18,11,178,75,2,14,92,2,109,8
2005,10,7,33,22,247,112,6,0,0,18,3,12,105,35,200,81,9,1,5,12,98,19,32,4,64,12,20,3,19,16,11,33,21,21,79,0,10,25,0,42,5,8,154,72,6,24,77,5,109,6
2005,11,4,72,22,285,153,14,0,1,9,3,15,102,36,176,84,11,6,9,23,179,33,96,9,119,20,30,4,34,19,20,57,20,12,125,2,10,33,7,33,6,10,231,71,6,27,77,2,89,2
2005,12,3,197,33,1342,114,14,1,3,18,1,19,46,84,58,68,9,0,2,24,108,26,509,2,124,6,17,0,81,17,16,170,9,29,95,124,3,41,17,16,4,16,328,54,5,34,226,7,36,3
2006,1,6,43,6,17,160,11,1,2,26,5,15,79,3,66,58,3,4,12,31,128,31,0,6,55,15,21,9,14,45,4,17,17,2,95,1,22,64,0,15,0,12,28,44,13,0,0,0,40,7
2006,2,6,63,3,89,108,5,0,0,19,9,3,31,18,26,26,8,2,4,14,77,54,0,2,46,10,15,4,11,33,5,36,6,2,48,0,15,48,0,8,1,10,54,75,7,22,0,2,22,2
2006,3,6,61,4,85,73,4,0,1,18,8,5,22,23,23,19,1,2,5,8,84,29,0,0,24,6,17,2,13,24,13,75,29,0,47,1,11,71,11,15,5,10,46,103,7,20,0,2,19,5
2006,4,3,88,9,95,71,4,1,0,12,4,4,44,10,28,14,2,3,2,6,55,21,71,1,17,11,7,5,43,20,7,55,18,0,40,0,2,35,10,11,1,8,51,84,5,11,0,0,11,12
2006,5,4,57,8,135,69,3,0,0,15,7,4,38,26,13,12,8,5,0,16,82,17,4,4,27,7,1,17,36,18,10,73,7,0,43,1,17,59,1,15,5,16,56,104,35,33,0,7,13,5
2006,6,8,31,8,183,34,4,1,0,16,11,12,37,25,17,8,5,0,1,7,67,39,27,3,14,12,5,7,8,13,14,53,24,0,27,7,9,41,0,12,3,8,51,77,10,20,0,9,12,3
2006,7,5,20,5,177,34,17,0,0,15,12,4,28,24,20,17,14,3,14,10,66,59,9,3,13,18,6,10,9,18,6,55,8,9,39,8,3,29,3,14,2,28,83,38,2,20,0,3,21,18
2006,8,17,27,18,391,46,23,0,0,22,6,13,72,17,19,31,10,2,23,10,119,72,25,6,26,12,5,2,15,34,9,135,32,12,64,0,9,63,3,34,2,18,74,60,5,22,0,3,21,9
2006,9,1,32,8,83,34,11,0,1,26,10,15,51,30,22,31,4,2,30,11,111,85,9,5,31,10,1,5,11,22,21,103,13,0,42,0,3,46,17,15,1,16,75,33,6,7,0,0,13,2
2006,10,17,29,12,91,23,17,0,2,15,10,6,56,8,29,39,1,1,27,10,131,105,16,3,20,3,5,4,27,28,25,86,1,0,59,0,4,49,4,14,0,14,77,36,5,20,0,17,13,9
2006,11,11,40,10,173,42,19,0,0,13,15,4,89,31,48,32,2,0,25,15,179,76,0,2,22,10,8,6,26,29,19,102,22,0,62,1,6,54,9,27,1,13,104,55,9,20,0,0,27,4
2006,12,22,17,21,230,16,8,0,0,31,5,3,41,65,34,23,1,0,31,14,139,44,159,2,13,1,10,0,13,17,14,293,157,18,78,45,11,28,43,19,5,19,255,70,6,26,377,23,9,7
2007,1,12,31,1,9,41,10,0,4,24,8,7,44,0,26,9,1,1,13,22,139,34,0,5,4,5,3,4,9,31,5,92,0,0,55,0,8,37,0,10,8,13,14,11,3,14,3,0,27,8
2007,2,6,42,4,14,31,9,1,1,24,4,2,9,1,14,12,0,2,7,7,100,39,0,3,7,3,0,3,2,17,5,64,20,0,98,0,6,19,1,5,6,13,38,42,12,6,14,0,20,2
2007,3,4,22,11,53,14,3,0,1,33,1,1,7,2,7,6,2,3,8,16,77,24,0,2,6,3,3,0,5,13,3,41,39,0,60,0,1,28,0,6,6,6,42,36,0,11,10,3,27,2
2007,4,3,24,28,42,17,1,1,1,12,2,5,12,9,14,9,5,3,4,5,69,7,35,4,6,4,2,1,8,12,4,22,32,3,45,1,19,18,0,6,7,10,67,30,1,5,16,3,53,2
2007,5,7,21,33,44,28,4,1,0,10,3,6,13,2,19,12,3,1,3,7,93,18,5,5,13,16,6,8,10,14,10,30,54,0,76,0,6,19,3,13,16,3,96,19,4,7,14,1,49,1
2007,6,6,6,20,66,13,8,2,0,15,6,1,6,12,20,6,1,2,2,8,76,9,19,27,6,1,6,6,2,13,0,47,25,0,67,1,10,27,0,4,2,7,96,14,1,5,8,2,41,0
2007,7,11,6,29,39,33,12,2,0,21,4,6,16,14,10,7,2,1,8,4,131,31,0,37,14,1,9,3,4,25,21,48,21,0,28,1,5,28,1,6,3,11,120,22,4,21,21,2,29,0
2007,8,14,16,15,52,34,15,2,1,25,1,8,16,7,9,18,5,3,9,13,122,43,45,108,4,2,4,8,14,26,9,69,22,4,82,1,15,28,3,6,6,2,118,32,2,14,57,1,28,4
2007,9,17,11,3,39,22,8,1,0,17,1,1,18,0,5,6,3,0,11,4,75,36,7,16,9,0,8,1,12,17,2,41,14,0,45,1,22,28,4,5,2,4,68,12,0,15,25,15,14,1
2007,10,4,13,10,21,24,7,1,1,9,3,0,15,5,7,8,2,4,6,10,98,19,46,18,7,4,19,1,4,21,8,27,46,0,30,1,15,39,7,5,0,3,64,57,17,5,60,1,15,0
2007,11,3,9,5,39,28,6,0,0,12,2,6,25,1,11,8,4,1,5,17,109,16,54,24,19,7,8,2,8,22,4,21,15,0,10,43,8,66,11,6,2,7,72,49,12,18,41,2,20,3
2007,12,4,9,14,172,22,6,0,0,9,2,2,18,15,8,3,5,0,7,5,89,16,182,6,23,7,2,0,2,18,3,47,42,7,13,9,8,49,29,30,2,5,256,63,7,7,213,2,4,1
2008,1,7,13,5,47,22,8,0,1,5,3,0,12,1,8,2,2,0,1,13,95,9,0,14,47,4,5,2,1,11,0,9,18,0,68,0,7,38,4,3,2,2,7,10,1,6,3,0,14,3
2008,2,4,20,9,17,17,6,0,0,13,1,2,12,2,10,3,5,0,11,10,62,18,0,3,20,11,4,0,2,17,2,27,17,0,243,1,8,33,2,5,0,4,32,24,4,9,10,1,3,0
2008,3,6,34,3,36,15,4,1,0,12,4,4,16,9,8,13,0,2,0,6,47,16,14,7,9,31,2,2,4,9,7,22,4,0,37,0,22,28,11,11,1,3,67,29,0,12,36,2,2,1
2008,4,0,22,5,55,5,4,1,0,21,6,8,9,3,3,6,4,2,0,7,43,19,17,9,14,10,4,8,1,8,12,19,20,0,53,1,9,31,2,11,1,7,40,22,0,9,26,2,6,0
2008,5,2,28,12,46,4,5,3,0,17,9,6,16,5,6,2,5,7,2,8,46,17,18,9,12,2,5,3,1,14,2,33,0,1,36,6,20,26,6,14,7,5,103,26,0,9,30,0,9,2
2008,6,0,17,6,77,11,5,0,0,19,10,0,17,2,13,4,9,13,0,6,53,16,46,14,19,2,10,3,4,26,2,25,17,0,16,5,15,16,3,7,0,10,106,13,1,12,11,1,12,2
2008,7,4,6,6,34,11,1,1,0,39,15,1,44,6,16,3,12,16,2,8,86,23,15,13,11,3,8,3,6,30,3,60,1,0,22,6,14,24,13,12,2,10,187,9,1,10,37,0,19,2
2008,8,5,21,12,54,24,6,5,2,47,13,1,64,7,12,7,21,19,7,16,105,39,43,7,27,11,13,5,2,29,4,70,2,0,39,11,27,45,14,20,6,13,271,25,1,22,50,1,24,1
2008,9,7,22,14,52,11,4,2,1,41,9,2,68,12,19,4,5,9,4,35,65,39,8,4,30,3,18,0,2,25,7,56,0,0,32,2,23,48,12,10,6,12,176,9,3,27,103,1,29,4
2008,10,4,17,16,33,10,5,2,0,25,13,2,53,31,57,14,26,4,6,13,58,26,40,8,57,0,33,0,4,13,15,36,0,0,41,0,7,38,2,9,29,10,141,16,0,15,39,3,21,2
2008,11,16,9,45,30,10,4,2,3,33,16,4,173,22,59,19,45,12,7,25,65,45,25,10,167,7,115,1,12,22,16,38,0,0,103,21,12,87,10,14,13,14,178,19,1,11,39,0,31,0
2008,12,14,9,64,53,21,3,1,0,42,16,10,144,170,46,29,49,11,9,17,75,50,808,7,148,0,60,1,10,42,24,61,15,24,155,47,17,81,8,31,0,26,738,40,0,56,76,0,22,1
2009,1,9,13,7,10,27,4,4,2,35,19,5,78,39,21,13,40,7,15,5,34,60,0,12,147,0,21,5,5,21,6,11,11,0,89,3,10,44,1,10,2,11,26,33,2,14,2,0,15,0
2009,2,11,8,5,18,15,1,0,0,18,10,10,42,29,15,15,21,11,6,12,29,41,0,2,80,4,18,0,3,27,16,10,10,0,83,3,27,50,1,11,1,14,89,38,3,11,12,2,6,2
2009,3,9,21,26,10,26,2,0,1,46,27,5,45,20,9,16,18,13,7,13,31,42,0,4,86,1,12,1,4,15,5,14,34,2,68,1,11,29,2,13,1,8,126,19,1,10,29,1,5,0
2009,4,25,20,32,45,16,1,0,0,29,31,9,52,14,13,26,5,25,1,9,30,32,165,2,92,5,17,0,6,17,2,20,18,0,64,2,23,40,1,19,0,14,135,16,0,12,52,2,15,9
2009,5,53,19,35,65,27,6,2,0,68,26,12,47,25,29,19,9,20,8,11,43,49,8,9,68,0,15,0,11,23,1,14,15,0,78,3,18,89,3,5,5,23,364,23,0,15,15,0,19,6
2009,6,32,17,29,62,20,2,0,0,50,18,4,57,24,29,19,14,15,21,13,31,52,21,10,57,1,5,0,15,16,2,16,26,0,141,3,19,41,3,41,1,26,283,18,2,21,31,0,18,3
2009,7,39,22,58,86,17,8,2,0,39,22,4,76,45,24,39,26,15,8,12,30,69,73,6,93,4,7,1,6,19,8,19,12,13,113,2,37,64,3,36,4,20,379,4,0,19,10,3,26,1
2009,8,59,35,58,114,27,10,2,0,73,25,9,81,36,17,27,46,17,2,24,41,162,52,4,133,4,12,12,9,27,5,25,21,2,125,19,45,96,11,49,13,24,305,9,1,20,37,14,24,0
2009,9,16,24,30,80,8,5,2,1,62,12,8,52,42,21,19,12,6,5,8,25,123,17,6,64,18,8,4,4,15,9,21,12,0,108,1,23,36,9,19,8,13,270,13,0,34,33,2,10,1
2009,10,14,35,24,83,7,6,1,2,44,18,2,33,40,28,22,9,7,3,19,24,108,30,3,60,15,13,1,9,29,6,33,20,0,77,4,21,41,5,22,5,6,284,20,2,20,20,4,14,0
2009,11,18,24,19,62,14,7,0,0,19,6,2,25,33,12,12,10,8,1,10,17,49,55,10,70,3,4,0,1,16,11,22,10,12,49,33,9,45,2,18,5,17,201,15,0,16,11,3,8,0
2009,12,20,39,46,234,27,4,0,1,14,9,29,60,45,17,13,16,5,3,12,23,113,700,7,65,6,9,0,3,19,14,60,31,1,101,43,9,40,4,19,13,21,896,12,0,30,39,9,10,0
2010,1,7,16,0,1,10,0,0,0,18,5,22,0,0,0,3,19,0,0,6,0,29,0,0,26,1,0,1,0,1,6,7,0,0,96,0,7,21,0,14,0,11,28,0,0,0,0,1,1,0
2010,2,14,2,2,2,7,0,0,0,15,23,14,24,15,14,15,16,0,1,15,0,63,0,3,22,3,0,0,0,8,23,4,0,0,78,0,21,17,1,9,3,19,39,0,2,11,12,0,4,0
2010,3,26,20,16,6,4,0,0,1,11,7,6,30,9,10,12,21,7,1,11,0,60,0,9,11,1,1,1,8,14,26,2,0,0,64,3,2,25,3,18,0,15,395,12,0,6,16,3,0,1
2010,4,14,58,12,10,14,4,0,0,20,24,6,37,22,17,3,35,1,3,7,0,66,0,2,40,0,0,1,10,4,28,12,0,0,93,0,50,26,0,33,0,29,253,15,1,18,11,3,0,0
2010,5,5,14,0,8,7,10,0,1,48,12,17,31,33,61,12,22,1,2,4,0,98,6,5,19,2,1,0,14,2,23,12,0,0,125,2,21,32,1,24,0,13,266,20,0,13,17,0,0,1
2010,6,43,82,20,611,17,6,5,1,25,16,14,119,71,53,18,9,7,5,5,0,110,0,7,28,24,13,3,14,4,92,14,0,5,123,9,49,47,0,66,11,11,303,39,0,17,27,2,82,1
2010,7,12,15,21,171,46,10,0,0,29,16,18,93,105,46,25,19,0,8,13,96,115,73,2,47,0,3,0,6,4,78,29,0,1,130,3,38,78,7,6,4,22,197,21,0,22,55,7,80,1
2010,8,24,31,43,584,20,33,4,1,53,42,23,99,109,60,10,21,4,5,15,39,231,346,16,49,2,1,3,16,17,75,39,124,26,278,14,50,156,7,69,5,25,228,26,2,42,68,17,62,1
2010,9,7,43,5,277,42,17,0,0,30,34,44,103,62,49,22,32,4,10,12,29,164,61,4,27,25,7,4,14,27,90,33,0,6,152,20,27,94,3,39,3,18,259,5,6,26,86,25,80,5
2010,10,15,67,40,607,31,15,2,1,20,23,10,79,3,97,16,22,6,2,23,0,120,206,6,77,8,4,2,21,27,75,30,0,3,206,3,24,122,4,16,0,23,146,61,0,39,58,26,39,0
2010,11,12,31,0,348,239,11,3,2,31,18,8,163,75,138,14,16,6,8,13,75,249,6,17,162,16,2,3,29,20,138,25,0,9,281,35,14,179,0,34,2,22,271,16,4,47,54,33,96,0
2010,12,18,40,24,455,226,2,1,5,30,15,4,141,102,87,13,41,5,7,12,119,195,41,6,65,34,1,2,5,4,205,14,8,1,180,2,23,153,1,20,0,19,223,22,2,96,76,8,49,0
2011,1,5,12,0,58,72,0,3,0,20,15,10,21,1,2,1,23,1,1,8,0,49,0,0,26,8,9,2,2,0,0,37,20,0,130,0,7,69,0,18,1,12,26,7,0,26,0,0,14,0
2011,2,12,45,1,65,76,0,2,1,25,26,10,55,23,16,10,11,2,13,10,0,79,0,1,32,24,10,1,3,1,2,34,43,3,93,2,15,66,0,10,0,8,58,13,0,31,46,0,37,0
2011,3,11,113,9,325,78,0,1,0,37,18,5,63,25,22,8,4,0,14,7,45,143,0,2,32,11,8,4,4,10,25,50,12,10,64,6,22,81,3,14,1,11,98,28,1,19,28,0,31,2
2011,4,5,73,7,208,27,0,0,0,16,5,5,30,19,8,4,1,7,16,9,3,87,0,2,9,3,7,1,6,0,15,16,14,0,56,9,21,42,0,2,0,8,89,0,0,21,19,0,24,0
2011,5,15,75,9,189,38,18,4,1,17,9,3,57,10,13,6,2,0,3,3,0,62,109,2,18,8,1,4,0,29,6,15,6,7,44,0,20,30,0,8,0,9,74,1,0,10,23,0,18,0
2011,6,24,29,3,85,NaN,0,0,0,23,12,12,60,11,16,14,3,0,11,4,0,NaN,62,1,23,18,2,3,12,7,11,74,13,4,3,0,13,57,4,23,0,6,74,0,1,30,38,45,19,2
2011,7,14,23,7,175,12,4,9,1,45,20,23,69,13,20,12,6,1,16,2,51,23,13,5,21,2,1,NaN,4,8,6,56,4,6,71,1,39,45,3,9,2,9,47,82,5,55,40,0,35,0
2011,8,3,117,0,201,17,8,2,0,28,12,26,78,18,28,13,3,4,8,4,0,35,111,6,33,NaN,0,6,10,21,15,149,7,6,50,5,38,52,6,10,6,7,61,33,2,26,64,7,37,1
2011,9,20,70,12,342,23,0,0,0,42,11,10,108,22,17,5,3,0,29,14,0,57,31,5,41,1,6,2,17,29,18,124,21,1,50,6,41,58,2,14,14,17,71,18,7,28,111,6,121,3
2011,10,7,19,5,63,36,17,0,0,21,13,7,118,23,15,7,15,2,36,4,78,49,0,5,30,18,2,8,20,22,61,92,12,4,55,12,33,36,5,14,4,2,78,29,6,19,104,0,59,1
2011,11,8,46,1,139,39,7,1,0,17,14,35,84,49,13,22,3,0,38,26,30,31,0,8,79,41,5,2,29,28,79,68,6,10,62,11,32,63,1,11,1,6,41,16,3,62,84,2,103,0
2011,12,8,44,5,194,53,6,3,5,26,12,41,202,75,37,22,97,0,15,25,15,61,0,8,77,5,5,3,39,41,9,274,26,8,89,0,28,97,4,7,2,15,110,63,51,39,146,28,226,0
2012,1,1,56,0,9,17,2,3,1,26,9,10,18,1,4,5,25,0,13,12,0,9,0,2,54,8,1,4,2,0,3,118,4,0,62,0,3,80,1,1,0,15,16,0,20,10,0,5,68,0
2012,2,14,68,2,12,30,2,4,0,39,1,7,101,9,14,7,13,2,7,16,24,89,0,7,45,11,2,6,5,19,11,215,9,0,37,0,21,107,15,7,3,7,75,2,55,34,135,17,181,3
2012,3,15,74,4,54,42,9,1,0,29,4,4,11,19,39,23,23,0,8,8,32,33,0,10,41,11,7,0,8,51,14,230,31,16,65,0,45,88,1,13,1,9,74,65,18,32,348,2,369,0
2012,4,19,94,15,43,57,15,1,0,26,15,9,244,14,60,0,17,1,11,19,34,25,0,9,46,57,7,4,8,62,65,280,89,0,92,0,75,139,2,20,1,7,146,99,15,37,481,0,458,3
2012,5,13,55,3,52,184,21,2,0,75,29,15,264,27,167,0,17,3,29,16,0,42,0,3,67,155,8,5,5,40,48,163,23,0,58,18,175,168,0,18,0,15,142,33,16,54,778,5,710,0
2012,6,10,98,4,62,40,12,2,8,51,4,33,68,17,150,0,40,5,104,16,0,31,0,4,39,70,17,9,15,58,99,243,47,0,56,0,162,184,1,15,0,29,226,135,17,60,595,2,671,18
2012,7,29,185,16,54,98,22,7,0,88,0,39,342,42,422,183,85,8,127,38,172,60,0,8,167,52,31,16,31,115,65,552,50,91,91,16,89,276,0,16,0,21,182,168,31,72,782,26,1062,9
2012,8,,,,,,,,,,,,,,,,,,,,,,,,,,,,,,,,,,,,,,,,,,,,,,,,,
2012,9,,,,,,,,,,,,,,,,,,,,,,,,,,,,,,,,,,,,,,,,,,,,,,,,,
2012,10,,,,,,,,,,,,,,,,,,,,,,,,,,,,,,,,,,,,,,,,,,,,,,,,,
2012,11,,,,,,,,,,,,,,,,,,,,,,,,,,,,,,,,,,,,,,,,,,,,,,,,,
2012,12,,,,,,,,,,,,,,,,,,,,,,,,,,,,,,,,,,,,,,,,,,,,,,,,,
